"address","lat","lon","city","state","zip","type","status","owner","assessment","link","source","notes"
"1709 N King St, Hampton, VA 23669","37.064732","-76.3481006","Hampton","VA","23669","RETAIL","ABANDONED","BURTON JULIAN T","$104,000","https://www.google.com/maps/place/King+Street+B+%26+T+Trailer/@37.064732,-76.3481006,3a,75y,276.11h,85.43t/data=!3m7!1e1!3m5!1s1y15Yp3Klkoq98VRIug5-A!2e0!6shttps:%2F%2Fstreetviewpixels-pa.googleapis.com%2Fv1%2Fthumbnail%3Fcb_client%3Dmaps_sv.tactile%26w%3D900%26h%3D600%26pitch%3D4.568575276472799%26panoid%3D1y15Yp3Klkoq98VRIug5-A%26yaw%3D276.10677757245287!7i16384!8i8192!4m6!3m5!1s0x89ba846465314e91:0x96ad085850d16052!8m2!3d37.0646306!4d-76.3485441!16s%2Fg%2F1ttdnww3?entry=ttu&g_ep=EgoyMDI1MDcxMy4wIKXMDSoASAFQAw%3D%3D","https://www.hampton.gov/235/Assessor-of-Real-Estate",""
"1333 N King St, Hampton, VA 23669","37.0551007","-76.3472714","Hampton","VA","23669","RETAIL","ABANDONED","SWEENEY EMERY L JR & SONYA A","$164,900","https://www.google.com/maps/place/King+St+NFL+Store/@37.0551007,-76.3472714,3a,90y,290.9h,80.25t/data=!3m7!1e1!3m5!1sstyXu-iorohO1N38SzM6Ig!2e0!6shttps:%2F%2Fstreetviewpixels-pa.googleapis.com%2Fv1%2Fthumbnail%3Fcb_client%3Dmaps_sv.tactile%26w%3D900%26h%3D600%26pitch%3D9.749945819880637%26panoid%3DstyXu-iorohO1N38SzM6Ig%26yaw%3D290.9014239588865!7i16384!8i8192!4m6!3m5!1s0x89ba8489721af087:0x4a61473aa89ee2e!8m2!3d37.0552297!4d-76.3475083!16s%2Fg%2F113jxtkp5?entry=ttu&g_ep=EgoyMDI1MDcxMy4wIKXMDSoASAFQAw%3D%3D","https://www.hampton.gov/235/Assessor-of-Real-Estate",""
"99 W Little Back River Rd, Hampton, VA 23669","37.0529083","-76.3473157","Hampton","VA","23669","RETAIL","ABANDONED","TRAN YEU","$172,300","https://www.google.com/maps/place/EZ+Shopping+Convenience/@37.0529083,-76.3473157,3a,75y,291.76h,82.4t/data=!3m7!1e1!3m5!1sc6WhQ-0D7TfYK7yoi7grjA!2e0!6shttps:%2F%2Fstreetviewpixels-pa.googleapis.com%2Fv1%2Fthumbnail%3Fcb_client%3Dmaps_sv.tactile%26w%3D900%26h%3D600%26pitch%3D7.601592527162865%26panoid%3Dc6WhQ-0D7TfYK7yoi7grjA%26yaw%3D291.76335464604233!7i16384!8i8192!4m6!3m5!1s0x89ba848eb43770ad:0x38726ea30ca2cfac!8m2!3d37.052961!4d-76.3475865!16s%2Fg%2F11f_kjzsr7?entry=ttu&g_ep=EgoyMDI1MDcxMy4wIKXMDSoASAFQAw%3D%3D","https://www.hampton.gov/235/Assessor-of-Real-Estate",""
"N King St, Hampton, VA 23669","37.0506441","-76.3475241","Hampton","VA","23669","RETAIL","DEMOLISHED","BENSAM GROUP INC","$92,000","https://www.google.com/maps/place/Super+Braids+LLC/@37.0506441,-76.3475241,3a,60y,255.22h,83.16t/data=!3m7!1e1!3m5!1sD_OzzkZs7Nx8BSjFhS3Ocg!2e0!6shttps:%2F%2Fstreetviewpixels-pa.googleapis.com%2Fv1%2Fthumbnail%3Fcb_client%3Dmaps_sv.tactile%26w%3D900%26h%3D600%26pitch%3D6.836916484564995%26panoid%3DD_OzzkZs7Nx8BSjFhS3Ocg%26yaw%3D255.22111898450643!7i16384!8i8192!4m6!3m5!1s0x89ba83f9145e78bb:0x2fe67d8196ce8378!8m2!3d37.0505521!4d-76.347512!16s%2Fg%2F11t3h3z4dt?entry=ttu&g_ep=EgoyMDI1MDcxMy4wIKXMDSoASAFQAw%3D%3D","https://www.hampton.gov/235/Assessor-of-Real-Estate",""
"1105 N King St, Hampton, VA 23669","37.0446347","-76.3485555","Hampton","VA","23669","RETAIL","ABANDONED","MY TRAN CORPORATION LLC","$710,000","https://www.google.com/maps/place/Handsome+House+Barber+Shop/@37.0446347,-76.3485555,3a,75y,276.29h,85.47t/data=!3m7!1e1!3m5!1swWSLaqNb6F4Q4kItXzUgVQ!2e0!6shttps:%2F%2Fstreetviewpixels-pa.googleapis.com%2Fv1%2Fthumbnail%3Fcb_client%3Dmaps_sv.tactile%26w%3D900%26h%3D600%26pitch%3D4.527448164140537%26panoid%3DwWSLaqNb6F4Q4kItXzUgVQ%26yaw%3D276.28568073355916!7i16384!8i8192!4m6!3m5!1s0x89ba853e91918cb7:0x5bb34708d04a74dc!8m2!3d37.0444906!4d-76.3491255!16s%2Fg%2F11hy_z9vb3?entry=ttu&g_ep=EgoyMDI1MDcxMy4wIKXMDSoASAFQAw%3D%3D","https://www.hampton.gov/235/Assessor-of-Real-Estate",""
"227 Fox Hill Rd, Hampton, VA 23669","37.058176","-76.3301857","Hampton","VA","23669","COMMERCIAL","CHRONICALLY VACANT","WILLOW OAKS ASSOCIATES LLC","$10,993,700","https://www.google.com/maps/place/227+Fox+Hill+Rd+A2,+Hampton,+VA+23669/@37.058176,-76.3301857,906m/data=!3m2!1e3!4b1!4m6!3m5!1s0x89ba84579810fcf5:0xad8daeb36d131340!8m2!3d37.058176!4d-76.3276054!16s%2Fg%2F11n_ywtfrw?entry=ttu&g_ep=EgoyMDI1MDkyNC4wIKXMDSoASAFQAw%3D%3D","https://www.loopnet.com/Listing/217-237-Fox-Hill-Rd-Hampton-VA/17590799/",""
"90 W Mercury Blvd, Hampton, VA 23669","37.0437832","-76.3556212","Hampton","VA","23669","RESIDENTIAL","ABANDONED","","$142,400","https://www.google.com/maps/place/90+W+Mercury+Blvd,+Hampton,+VA+23669/@37.0437832,-76.3556212,3a,60y,337.82h,84.05t/data=!3m7!1e1!3m5!1swJIz__sDxrEJdLiDr8533Q!2e0!6shttps:%2F%2Fstreetviewpixels-pa.googleapis.com%2Fv1%2Fthumbnail%3Fcb_client%3Dmaps_sv.tactile%26w%3D900%26h%3D600%26pitch%3D5.946450094647801%26panoid%3DwJIz__sDxrEJdLiDr8533Q%26yaw%3D337.822333777825!7i16384!8i8192!4m6!3m5!1s0x89ba849bd0cc250d:0xc4040f7db076957e!8m2!3d37.0439768!4d-76.3556563!16s%2Fg%2F11c1dknswk?entry=ttu&g_ep=EgoyMDI1MDcxMy4wIKXMDSoASAFQAw%3D%3D","",""
"87 W Mercury Blvd, Hampton, VA 23669","37.0435278","-76.3556859","Hampton","VA","23669","RESIDENTIAL","ABANDONED","","$125,500","https://www.google.com/maps/place/Ward+Insurance+Services/@37.0435278,-76.3556859,3a,75y,181.79h,86.13t/data=!3m7!1e1!3m5!1srKkKCmAf3ROILgbDO8FR-A!2e0!6shttps:%2F%2Fstreetviewpixels-pa.googleapis.com%2Fv1%2Fthumbnail%3Fcb_client%3Dmaps_sv.tactile%26w%3D900%26h%3D600%26pitch%3D3.8702289069916986%26panoid%3DrKkKCmAf3ROILgbDO8FR-A%26yaw%3D181.79136143860435!7i16384!8i8192!4m6!3m5!1s0x89ba84997b934061:0x9d81aa017a893d7e!8m2!3d37.0433404!4d-76.3554769!16s%2Fg%2F1tdcbq4r?entry=ttu&g_ep=EgoyMDI1MDcxMy4wIKXMDSoASAFQAw%3D%3D","",""
"1218 W Queen St, Hampton, VA 23669","37.0255713","-76.3661039","Hampton","VA","23669","RESIDENTIAL","ABANDONED","","","https://www.google.com/maps/place/1218+W+Queen+St,+Hampton,+VA+23669/@37.0255713,-76.3661039,107a,35y,2.96h,45.02t/data=!3m1!1e3!4m6!3m5!1s0x89ba8357ad0cb72d:0x125ef9710680d90!8m2!3d37.0265441!4d-76.3659692!16s%2Fg%2F11c22h2r7w?entry=ttu&g_ep=EgoyMDI1MDcxMy4wIKXMDSoASAFQAw%3D%3D","",""
"1220 W Queen St, Hampton, VA 23669","37.0255856","-76.3663818","Hampton","VA","23669","RESIDENTIAL","ABANDONED","","","https://www.google.com/maps/place/1220+W+Queen+St,+Hampton,+VA+23669/@37.0255856,-76.3663818,107a,35y,2.96h,45.02t/data=!3m1!1e3!4m6!3m5!1s0x89ba8357ac8fee7f:0x4ee511c4582426b1!8m2!3d37.0265559!4d-76.3662176!16s%2Fg%2F11c4vws7xs?entry=ttu&g_ep=EgoyMDI1MDcxMy4wIKXMDSoASAFQAw%3D%3D","",""
"1222 W Queen St, Hampton, VA 23669","37.0251143","-76.3662731","Hampton","VA","23669","RESIDENTIAL","ABANDONED","","","https://www.google.com/maps/place/1222+W+Queen+St,+Hampton,+VA+23669/@37.0251143,-76.3662731,127a,35y,343.77h,45t/data=!3m1!1e3!4m6!3m5!1s0x89ba8357aadd4eb9:0x386f4bcd43a2bbf9!8m2!3d37.0265152!4d-76.3665096!16s%2Fg%2F11cpn14tx9?entry=ttu&g_ep=EgoyMDI1MDcxMy4wIKXMDSoASAFQAw%3D%3D","",""
"808 Childs Ave, Hampton, VA 23661","37.0097895","-76.398309","Hampton","VA","23661","WAREHOUSE","CHRONICALLY VACANT","TIDEWATER WAREHOUSE ASSOCIATES LLC","$4,246,800","https://www.google.com/maps/place/808+Childs+Ave,+Hampton,+VA+23661/@37.0097895,-76.398309,126a,35y,143.16h,45t/data=!3m1!1e3!4m6!3m5!1s0x89ba9cc4d99420af:0x3787f9fc0c404b6!8m2!3d37.0087565!4d-76.3976429!16s%2Fg%2F11c1h36fnh?entry=ttu&g_ep=EgoyMDI1MTAwNy4wIKXMDSoASAFQAw%3D%3D","https://www.loopnet.com/Listing/808-814-Childs-Ave-Hampton-VA/4068136/",""
"905 G St., Hampton, VA 23661","37.0081512","-76.3924666","Hampton","VA","23661","INDUSTRIAL","CONDEMNED","905 G STREET LLC C/O JOHN MUNFORD","$1,344,700","https://www.google.com/maps/place/905+G+St,+Hampton,+VA+23661/@37.0081512,-76.3924666,3a,60y,300.37h,84.2t/data=!3m7!1e1!3m5!1sYKUQtaYnlzcF_OkahBD9wA!2e0!6shttps:%2F%2Fstreetviewpixels-pa.googleapis.com%2Fv1%2Fthumbnail%3Fcb_client%3Dmaps_sv.tactile%26w%3D900%26h%3D600%26pitch%3D5.800582255710907%26panoid%3DYKUQtaYnlzcF_OkahBD9wA%26yaw%3D300.36730795964564!7i16384!8i8192!4m6!3m5!1s0x89ba9cc5d3b8f87d:0x7486cff3d6ef1eb8!8m2!3d37.0087159!4d-76.3931597!16s%2Fg%2F11bw42_4cy?entry=ttu&g_ep=EgoyMDI1MDcxMy4wIKXMDSoASAFQAw%3D%3D","https://www.hampton.gov/DocumentCenter/View/100/condemned_properties",""
"606 Beach Rd, Hampton, VA 23664","37.0810377","-76.295655","Hampton","VA","23664","COMMERCIAL","ABANDONED","DEEP WATER INVESTMENTS LLC","$42,500","https://www.google.com/maps/place/Mitchell+Co/@37.0810377,-76.295655,3a,48.9y,127.52h,78.89t/data=!3m7!1e1!3m5!1sarM_5xqOx-UeczBINgTXWw!2e0!6shttps:%2F%2Fstreetviewpixels-pa.googleapis.com%2Fv1%2Fthumbnail%3Fcb_client%3Dmaps_sv.tactile%26w%3D900%26h%3D600%26pitch%3D11.107902625781875%26panoid%3DarM_5xqOx-UeczBINgTXWw%26yaw%3D127.5233137131558!7i16384!8i8192!4m6!3m5!1s0x89ba85c266ca0f33:0xe539453aa831cebf!8m2!3d37.0809626!4d-76.2955347!16s%2Fg%2F11tbwm1zjy?entry=ttu&g_ep=EgoyMDI1MDkyNC4wIKXMDSoASAFQAw%3D%3D","https://www.hampton.gov/235/Assessor-of-Real-Estate",""
"604 Beach Rd, Hampton, VA 23664","37.080957","-76.2958118","Hampton","VA","23664","COMMERCIAL","ABANDONED","MITCHELL LUTHER & IVY","$60,600","https://www.google.com/maps/place/604+Beach+Rd,+Hampton,+VA+23664/@37.080957,-76.2958118,135m/data=!3m1!1e3!4m6!3m5!1s0x89ba85c266fe2755:0xed5e6f457c02c9ad!8m2!3d37.0808842!4d-76.29552!16s%2Fg%2F11c232fbnk?entry=ttu&g_ep=EgoyMDI1MTAwOC4wIKXMDSoASAFQAw%3D%3D","https://www.hampton.gov/235/Assessor-of-Real-Estate",""
"2101 Kecoughtan Rd., Hampton, VA 23661","37.0018079","-76.3804559","Hampton","VA","23661","RESIDENTIAL","CONDEMNED","A10 BAF 2021-D REO COLONIAL LANDING","$2,092,800","https://www.google.com/maps/place/2101+Kecoughtan+Rd,+Hampton,+VA+23661/@37.0018079,-76.3804559,3a,49.7y,264.13h,89.26t/data=!3m7!1e1!3m5!1skKGPwMVfgkSq-2PySxuQ2g!2e0!6shttps:%2F%2Fstreetviewpixels-pa.googleapis.com%2Fv1%2Fthumbnail%3Fcb_client%3Dmaps_sv.tactile%26w%3D900%26h%3D600%26pitch%3D0.7431743735964176%26panoid%3DkKGPwMVfgkSq-2PySxuQ2g%26yaw%3D264.12875689567386!7i16384!8i8192!4m6!3m5!1s0x89ba9cbc29b3bdd1:0xae2286cd584483d4!8m2!3d37.0017026!4d-76.3811267!16s%2Fg%2F11c5dwclpj?entry=ttu&g_ep=EgoyMDI1MDcxMy4wIKXMDSoASAFQAw%3D%3D","https://www.hampton.gov/DocumentCenter/View/100/condemned_properties",""
"17 W Mellen St, Hampton, VA 23663","37.0195835","-76.3233032","Hampton","VA","23663","COMMERCIAL","VACANT","FRAZIER MAURICE W REVOCABLE TRUST","$208,000","https://www.google.com/maps/place/The+Upper+Room+Music+%26+Cultural+Arts+Studio/@37.0195835,-76.3233032,3a,75y,202.78h,87.46t/data=!3m7!1e1!3m5!1sf88nR47mvjntC8F5KUefoA!2e0!6shttps:%2F%2Fstreetviewpixels-pa.googleapis.com%2Fv1%2Fthumbnail%3Fcb_client%3Dmaps_sv.tactile%26w%3D900%26h%3D600%26pitch%3D2.5369566068641802%26panoid%3Df88nR47mvjntC8F5KUefoA%26yaw%3D202.7783010214321!7i16384!8i8192!4m15!1m8!3m7!1s0x89ba84d152323849:0xce7abe7e386ac9b3!2s17+W+Mellen+St,+Hampton,+VA+23663!3b1!8m2!3d37.019326!4d-76.3235129!16s%2Fg%2F11c1z34xqh!3m5!1s0x89ba8560a60fe5a1:0x7e7544a6ff5fd7a3!8m2!3d37.0193166!4d-76.3235113!16s%2Fg%2F11ghs1px0f?entry=ttu&g_ep=EgoyMDI1MDkyNC4wIKXMDSoASAFQAw%3D%3D","https://www.hampton.gov/235/Assessor-of-Real-Estate",""
"206 S Hope St, Hampton, VA 23663","37.0172593","-76.3229892","Hampton","VA","23663","INDUSTRIAL","PROBABLY VACANT","THE TWISTED CRAB-PROPERTIES LLC","$717,300","https://www.google.com/maps/place/12+E+Howard+St,+Hampton,+VA+23663/@37.0172593,-76.3229892,3a,75y,214.92h,62.98t/data=!3m7!1e1!3m5!1suMP1rpqCLb44gl6fvszn1Q!2e0!6shttps:%2F%2Fstreetviewpixels-pa.googleapis.com%2Fv1%2Fthumbnail%3Fcb_client%3Dmaps_sv.tactile%26w%3D900%26h%3D600%26pitch%3D27.015964859577878%26panoid%3DuMP1rpqCLb44gl6fvszn1Q%26yaw%3D214.9187525225558!7i16384!8i8192!4m6!3m5!1s0x89ba84d4768bdd05:0x4873702eb585c8ba!8m2!3d37.0171279!4d-76.323108!16s%2Fg%2F11c2g2cbv3?entry=ttu&g_ep=EgoyMDI1MDkyNC4wIKXMDSoASAFQAw%3D%3D","https://www.hampton.gov/235/Assessor-of-Real-Estate",""
"504 E Mercury Blvd, Hampton, VA 23663","37.0248638","-76.3220514","Hampton","VA","23663","COMMERCIAL","VACANT","NGUYEN MARIA NGOC DUNG","$151,300","https://www.google.com/maps/place/504+E+Mercury+Blvd,+Hampton,+VA+23663/@37.0248638,-76.3220514,29a,56.8y,263.98h,47.33t/data=!3m1!1e3!4m6!3m5!1s0x89ba84d9f02f862d:0xa0bc1eddbaa3960f!8m2!3d37.0247578!4d-76.3225344!16s%2Fg%2F11cpd4ksh4?entry=ttu&g_ep=EgoyMDI1MTAwNy4wIKXMDSoASAFQAw%3D%3D","https://www.hampton.gov/235/Assessor-of-Real-Estate",""
"2538 W Pembroke Ave, Hampton, VA 23661","36.9987741","-76.4058432","Hampton","VA","23661","COMMERCIAL OFFICE","VACANT","JOHNSON WALTER B & SHARON W LIVING","$134,300","https://www.google.com/maps/place/2538+W+Pembroke+Ave,+Hampton,+VA+23661/@36.9987741,-76.4058432,3a,70.9y,332.54h,94.15t/data=!3m7!1e1!3m5!1sI3cd1ClKsOCQ93hO8a9ODw!2e0!6shttps:%2F%2Fstreetviewpixels-pa.googleapis.com%2Fv1%2Fthumbnail%3Fcb_client%3Dmaps_sv.tactile%26w%3D900%26h%3D600%26pitch%3D-4.153349675803426%26panoid%3DI3cd1ClKsOCQ93hO8a9ODw%26yaw%3D332.5364915383397!7i16384!8i8192!4m15!1m8!3m7!1s0x89ba9ce11be78abd:0x5639a9b69076074!2s2538+W+Pembroke+Ave,+Hampton,+VA+23661!3b1!8m2!3d36.999072!4d-76.4061508!16s%2Fg%2F11c1hyt7q0!3m5!1s0x89ba9ce11be78abd:0x5639a9b69076074!8m2!3d36.999072!4d-76.4061508!16s%2Fg%2F11c1hyt7q0?entry=ttu&g_ep=EgoyMDI1MDkyNC4wIKXMDSoASAFQAw%3D%3D","",""
"40 W County St, Hampton, VA 23663","37.020647","-76.322993","Hampton","VA","23663","COMMERCIAL","ABANDONED","TRAN YEU","$162,100","https://www.google.com/maps/place/40+W+County+St,+Hampton,+VA+23663/@37.0203169,-76.3241604,122a,35y,62.77h,45t/data=!3m1!1e3!4m6!3m5!1s0x89ba84d6ce1a124d:0x16055809d7f917a4!8m2!3d37.0206594!4d-76.3227811!16s%2Fg%2F11b8v5gvxx?entry=ttu&g_ep=EgoyMDI1MTAwNy4wIKXMDSoASAFQAw%3D%3D","",""
"3217 Commander Shepard Boulevard, Hampton, VA 23666","37.0908947","-76.3864093","Hampton","VA","23666","COMMERCIAL OFFICE","VACANT","EMERALD ONE HOLDINGS LLC","$1,121,300","https://www.google.com/maps/place/3217+Commander+Shepard+Boulevard,+Hampton,+VA+23666/@37.0908947,-76.3864093,3a,83.2y,221.61h,86.2t/data=!3m7!1e1!3m5!1sNKynksgwTh9lp2KYRT5GuQ!2e0!6shttps:%2F%2Fstreetviewpixels-pa.googleapis.com%2Fv1%2Fthumbnail%3Fcb_client%3Dmaps_sv.tactile%26w%3D900%26h%3D600%26pitch%3D3.8031281684377376%26panoid%3DNKynksgwTh9lp2KYRT5GuQ%26yaw%3D221.61029243400634!7i16384!8i8192!4m6!3m5!1s0x89ba83e9e1fb329d:0x68597d90285a0cc1!8m2!3d37.0904263!4d-76.3868563!16s%2Fg%2F11cncjg959?entry=ttu&g_ep=EgoyMDI1MDkyNC4wIKXMDSoASAFQAw%3D%3D","",""
"2103 Kecoughtan Rd., Hampton, VA 23661","37.0018079","-76.3804559","Hampton","VA","23661","RESIDENTIAL","CONDEMNED","","$1,642,300","https://www.google.com/maps/place/2101+Kecoughtan+Rd,+Hampton,+VA+23661/@37.0018079,-76.3804559,3a,49.7y,264.13h,89.26t/data=!3m7!1e1!3m5!1skKGPwMVfgkSq-2PySxuQ2g!2e0!6shttps:%2F%2Fstreetviewpixels-pa.googleapis.com%2Fv1%2Fthumbnail%3Fcb_client%3Dmaps_sv.tactile%26w%3D900%26h%3D600%26pitch%3D0.7431743735964176%26panoid%3DkKGPwMVfgkSq-2PySxuQ2g%26yaw%3D264.12875689567386!7i16384!8i8192!4m6!3m5!1s0x89ba9cbc29b3bdd1:0xae2286cd584483d4!8m2!3d37.0017026!4d-76.3811267!16s%2Fg%2F11c5dwclpj?entry=ttu&g_ep=EgoyMDI1MDcxMy4wIKXMDSoASAFQAw%3D%3D","",""
"2105 Kecoughtan Rd., Hampton, VA 23661","37.0018079","-76.3804559","Hampton","VA","23661","RESIDENTIAL","CONDEMNED","","$1,642,300","https://www.google.com/maps/place/2101+Kecoughtan+Rd,+Hampton,+VA+23661/@37.0018079,-76.3804559,3a,49.7y,264.13h,89.26t/data=!3m7!1e1!3m5!1skKGPwMVfgkSq-2PySxuQ2g!2e0!6shttps:%2F%2Fstreetviewpixels-pa.googleapis.com%2Fv1%2Fthumbnail%3Fcb_client%3Dmaps_sv.tactile%26w%3D900%26h%3D600%26pitch%3D0.7431743735964176%26panoid%3DkKGPwMVfgkSq-2PySxuQ2g%26yaw%3D264.12875689567386!7i16384!8i8192!4m6!3m5!1s0x89ba9cbc29b3bdd1:0xae2286cd584483d4!8m2!3d37.0017026!4d-76.3811267!16s%2Fg%2F11c5dwclpj?entry=ttu&g_ep=EgoyMDI1MDcxMy4wIKXMDSoASAFQAw%3D%3D","",""
"2107 Kecoughtan Rd., Hampton, VA 23661","37.0018079","-76.3804559","Hampton","VA","23661","RESIDENTIAL","CONDEMNED","","$1,642,300","https://www.google.com/maps/place/2101+Kecoughtan+Rd,+Hampton,+VA+23661/@37.0018079,-76.3804559,3a,49.7y,264.13h,89.26t/data=!3m7!1e1!3m5!1skKGPwMVfgkSq-2PySxuQ2g!2e0!6shttps:%2F%2Fstreetviewpixels-pa.googleapis.com%2Fv1%2Fthumbnail%3Fcb_client%3Dmaps_sv.tactile%26w%3D900%26h%3D600%26pitch%3D0.7431743735964176%26panoid%3DkKGPwMVfgkSq-2PySxuQ2g%26yaw%3D264.12875689567386!7i16384!8i8192!4m6!3m5!1s0x89ba9cbc29b3bdd1:0xae2286cd584483d4!8m2!3d37.0017026!4d-76.3811267!16s%2Fg%2F11c5dwclpj?entry=ttu&g_ep=EgoyMDI1MDcxMy4wIKXMDSoASAFQAw%3D%3D","",""
"2109 Kecoughtan Rd., Hampton, VA 23661","37.0018079","-76.3804559","Hampton","VA","23661","RESIDENTIAL","CONDEMNED","","$1,642,300","https://www.google.com/maps/place/2101+Kecoughtan+Rd,+Hampton,+VA+23661/@37.0018079,-76.3804559,3a,49.7y,264.13h,89.26t/data=!3m7!1e1!3m5!1skKGPwMVfgkSq-2PySxuQ2g!2e0!6shttps:%2F%2Fstreetviewpixels-pa.googleapis.com%2Fv1%2Fthumbnail%3Fcb_client%3Dmaps_sv.tactile%26w%3D900%26h%3D600%26pitch%3D0.7431743735964176%26panoid%3DkKGPwMVfgkSq-2PySxuQ2g%26yaw%3D264.12875689567386!7i16384!8i8192!4m6!3m5!1s0x89ba9cbc29b3bdd1:0xae2286cd584483d4!8m2!3d37.0017026!4d-76.3811267!16s%2Fg%2F11c5dwclpj?entry=ttu&g_ep=EgoyMDI1MDcxMy4wIKXMDSoASAFQAw%3D%3D","",""
"2111 Kecoughtan Rd., Hampton, VA 23661","37.0018079","-76.3804559","Hampton","VA","23661","RESIDENTIAL","CONDEMNED","","$1,642,300","https://www.google.com/maps/place/2101+Kecoughtan+Rd,+Hampton,+VA+23661/@37.0018079,-76.3804559,3a,49.7y,264.13h,89.26t/data=!3m7!1e1!3m5!1skKGPwMVfgkSq-2PySxuQ2g!2e0!6shttps:%2F%2Fstreetviewpixels-pa.googleapis.com%2Fv1%2Fthumbnail%3Fcb_client%3Dmaps_sv.tactile%26w%3D900%26h%3D600%26pitch%3D0.7431743735964176%26panoid%3DkKGPwMVfgkSq-2PySxuQ2g%26yaw%3D264.12875689567386!7i16384!8i8192!4m6!3m5!1s0x89ba9cbc29b3bdd1:0xae2286cd584483d4!8m2!3d37.0017026!4d-76.3811267!16s%2Fg%2F11c5dwclpj?entry=ttu&g_ep=EgoyMDI1MDcxMy4wIKXMDSoASAFQAw%3D%3D","",""
"2113 Kecoughtan Rd., Hampton, VA 23661","37.0018079","-76.3804559","Hampton","VA","23661","RESIDENTIAL","CONDEMNED","","$1,642,300","https://www.google.com/maps/place/2101+Kecoughtan+Rd,+Hampton,+VA+23661/@37.0018079,-76.3804559,3a,49.7y,264.13h,89.26t/data=!3m7!1e1!3m5!1skKGPwMVfgkSq-2PySxuQ2g!2e0!6shttps:%2F%2Fstreetviewpixels-pa.googleapis.com%2Fv1%2Fthumbnail%3Fcb_client%3Dmaps_sv.tactile%26w%3D900%26h%3D600%26pitch%3D0.7431743735964176%26panoid%3DkKGPwMVfgkSq-2PySxuQ2g%26yaw%3D264.12875689567386!7i16384!8i8192!4m6!3m5!1s0x89ba9cbc29b3bdd1:0xae2286cd584483d4!8m2!3d37.0017026!4d-76.3811267!16s%2Fg%2F11c5dwclpj?entry=ttu&g_ep=EgoyMDI1MDcxMy4wIKXMDSoASAFQAw%3D%3D","",""
"2115 Kecoughtan Rd., Hampton, VA 23661","37.0018079","-76.3804559","Hampton","VA","23661","RESIDENTIAL","CONDEMNED","","$1,642,300","https://www.google.com/maps/place/2101+Kecoughtan+Rd,+Hampton,+VA+23661/@37.0018079,-76.3804559,3a,49.7y,264.13h,89.26t/data=!3m7!1e1!3m5!1skKGPwMVfgkSq-2PySxuQ2g!2e0!6shttps:%2F%2Fstreetviewpixels-pa.googleapis.com%2Fv1%2Fthumbnail%3Fcb_client%3Dmaps_sv.tactile%26w%3D900%26h%3D600%26pitch%3D0.7431743735964176%26panoid%3DkKGPwMVfgkSq-2PySxuQ2g%26yaw%3D264.12875689567386!7i16384!8i8192!4m6!3m5!1s0x89ba9cbc29b3bdd1:0xae2286cd584483d4!8m2!3d37.0017026!4d-76.3811267!16s%2Fg%2F11c5dwclpj?entry=ttu&g_ep=EgoyMDI1MDcxMy4wIKXMDSoASAFQAw%3D%3D","",""
"2117 Kecoughtan Rd., Hampton, VA 23661","37.0018079","-76.3804559","Hampton","VA","23661","RESIDENTIAL","CONDEMNED","","$1,642,300","https://www.google.com/maps/place/2101+Kecoughtan+Rd,+Hampton,+VA+23661/@37.0018079,-76.3804559,3a,49.7y,264.13h,89.26t/data=!3m7!1e1!3m5!1skKGPwMVfgkSq-2PySxuQ2g!2e0!6shttps:%2F%2Fstreetviewpixels-pa.googleapis.com%2Fv1%2Fthumbnail%3Fcb_client%3Dmaps_sv.tactile%26w%3D900%26h%3D600%26pitch%3D0.7431743735964176%26panoid%3DkKGPwMVfgkSq-2PySxuQ2g%26yaw%3D264.12875689567386!7i16384!8i8192!4m6!3m5!1s0x89ba9cbc29b3bdd1:0xae2286cd584483d4!8m2!3d37.0017026!4d-76.3811267!16s%2Fg%2F11c5dwclpj?entry=ttu&g_ep=EgoyMDI1MDcxMy4wIKXMDSoASAFQAw%3D%3D","",""
"2119 Kecoughtan Rd., Hampton, VA 23661","37.0018079","-76.3804559","Hampton","VA","23661","RESIDENTIAL","CONDEMNED","","$1,642,300","https://www.google.com/maps/place/2101+Kecoughtan+Rd,+Hampton,+VA+23661/@37.0018079,-76.3804559,3a,49.7y,264.13h,89.26t/data=!3m7!1e1!3m5!1skKGPwMVfgkSq-2PySxuQ2g!2e0!6shttps:%2F%2Fstreetviewpixels-pa.googleapis.com%2Fv1%2Fthumbnail%3Fcb_client%3Dmaps_sv.tactile%26w%3D900%26h%3D600%26pitch%3D0.7431743735964176%26panoid%3DkKGPwMVfgkSq-2PySxuQ2g%26yaw%3D264.12875689567386!7i16384!8i8192!4m6!3m5!1s0x89ba9cbc29b3bdd1:0xae2286cd584483d4!8m2!3d37.0017026!4d-76.3811267!16s%2Fg%2F11c5dwclpj?entry=ttu&g_ep=EgoyMDI1MDcxMy4wIKXMDSoASAFQAw%3D%3D","",""
"2121 Kecoughtan Rd., Hampton, VA 23661","37.0018079","-76.3804559","Hampton","VA","23661","RESIDENTIAL","CONDEMNED","","$1,642,300","https://www.google.com/maps/place/2101+Kecoughtan+Rd,+Hampton,+VA+23661/@37.0018079,-76.3804559,3a,49.7y,264.13h,89.26t/data=!3m7!1e1!3m5!1skKGPwMVfgkSq-2PySxuQ2g!2e0!6shttps:%2F%2Fstreetviewpixels-pa.googleapis.com%2Fv1%2Fthumbnail%3Fcb_client%3Dmaps_sv.tactile%26w%3D900%26h%3D600%26pitch%3D0.7431743735964176%26panoid%3DkKGPwMVfgkSq-2PySxuQ2g%26yaw%3D264.12875689567386!7i16384!8i8192!4m6!3m5!1s0x89ba9cbc29b3bdd1:0xae2286cd584483d4!8m2!3d37.0017026!4d-76.3811267!16s%2Fg%2F11c5dwclpj?entry=ttu&g_ep=EgoyMDI1MDcxMy4wIKXMDSoASAFQAw%3D%3D","",""
"720 Kecoughtan Rd., Hampton, VA 23661","36.994758","-76.3930141","Hampton","VA","23661","RETAIL","CONDEMNED","","$113,200","https://www.google.com/maps/place/720+Kecoughtan+Rd,+Hampton,+VA+23661/@36.994758,-76.3930141,3a,75y,126.6h,80.4t/data=!3m7!1e1!3m5!1sXreVDmPN53W16qZMjaxjtA!2e0!6shttps:%2F%2Fstreetviewpixels-pa.googleapis.com%2Fv1%2Fthumbnail%3Fcb_client%3Dmaps_sv.tactile%26w%3D900%26h%3D600%26pitch%3D9.600888169663222%26panoid%3DXreVDmPN53W16qZMjaxjtA%26yaw%3D126.59677524188638!7i16384!8i8192!4m6!3m5!1s0x89ba9ceea7e221b5:0x60e4e0a7a58e934b!8m2!3d36.9946034!4d-76.3928081!16s%2Fg%2F11c11kvkrd?entry=ttu&g_ep=EgoyMDI1MDcxMy4wIKXMDSoASAFQAw%3D%3D","",""
"607 Hannah St., Hampton, VA 23661","37.0050687","-76.388453","Hampton","VA","23661","RESIDENTIAL","CONDEMNED","","$45,000","https://www.google.com/maps/place/607+Hannah+St,+Hampton,+VA+23661/@37.0050687,-76.388453,3a,75y,229.5h,84.18t/data=!3m7!1e1!3m5!1s022apmRUEr_I6qX6-vQgaQ!2e0!6shttps:%2F%2Fstreetviewpixels-pa.googleapis.com%2Fv1%2Fthumbnail%3Fcb_client%3Dmaps_sv.tactile%26w%3D900%26h%3D600%26pitch%3D5.821449056839782%26panoid%3D022apmRUEr_I6qX6-vQgaQ%26yaw%3D229.4967364500793!7i16384!8i8192!4m6!3m5!1s0x89ba9cc0c95e6aa9:0xc00cacb5ffc116e0!8m2!3d37.0049753!4d-76.3886316!16s%2Fg%2F11c27sg15f?entry=ttu&g_ep=EgoyMDI1MDcxMy4wIKXMDSoASAFQAw%3D%3D","",""
"1139 Jasmine St., Hampton, VA 23663","37.0271831","-76.3098375","Hampton","VA","23663","RESIDENTIAL","CONDEMNED","","$60,000","https://www.google.com/maps/place/1139+Jasmine+St,+Hampton,+VA+23663/@37.0271831,-76.3098375,3a,75y,323.08h,72.54t/data=!3m7!1e1!3m5!1s8Yuu8Vr8_-P9AxPGzlQnLg!2e0!6shttps:%2F%2Fstreetviewpixels-pa.googleapis.com%2Fv1%2Fthumbnail%3Fcb_client%3Dmaps_sv.tactile%26w%3D900%26h%3D600%26pitch%3D17.459021686716667%26panoid%3D8Yuu8Vr8_-P9AxPGzlQnLg%26yaw%3D323.0819564947447!7i13312!8i6656!4m6!3m5!1s0x89ba8524730696c9:0x74bf86223279681e!8m2!3d37.0272817!4d-76.3100175!16s%2Fg%2F11c1x_96fm?entry=ttu&g_ep=EgoyMDI1MDcxMy4wIKXMDSoASAFQAw%3D%3D","",""
"2 Monroe Dr., Hampton, VA 23669","37.0437629","-76.343111","Hampton","VA","23669","RESIDENTIAL","CONDEMNED","ALLSBROOK ROBERT V III","$150,500","https://www.google.com/maps/place/2+Monroe+Dr,+Hampton,+VA+23669/@37.0437629,-76.343111,3a,68.4y,51.12h,87.84t/data=!3m7!1e1!3m5!1sUhzQ3M_o8mpoIBDlgaZjsw!2e0!6shttps:%2F%2Fstreetviewpixels-pa.googleapis.com%2Fv1%2Fthumbnail%3Fcb_client%3Dmaps_sv.tactile%26w%3D900%26h%3D600%26pitch%3D2.1645915397777884%26panoid%3DUhzQ3M_o8mpoIBDlgaZjsw%26yaw%3D51.11812140093685!7i16384!8i8192!4m6!3m5!1s0x89ba84930e4efc71:0x5a624d5a8184e987!8m2!3d37.0439225!4d-76.3428573!16s%2Fg%2F11c144hsyl?entry=ttu&g_ep=EgoyMDI1MDcxMy4wIKXMDSoASAFQAw%3D%3D","",""
"989 N King St, Hampton, VA 23669","37.0392936","-76.3491319","Hampton","VA","23669","COMMERCIAL","VACANT","D GARCIA PROPERTY MANAGEMENT LLC","$783,100","https://www.google.com/maps/place/989+N+King+St,+Hampton,+VA+23669/@37.0392936,-76.3491319,107m/data=!3m1!1e3!4m9!1m2!2m1!1srite+aid+hampton+va!3m5!1s0x89ba84964f6bfd05:0x9c9eb52f0d485a33!8m2!3d37.0392936!4d-76.3486007!16s%2Fg%2F11cncjf6lh?entry=ttu&g_ep=EgoyMDI1MTAwOC4wIKXMDSoASAFQAw%3D%3D","",""
"2353 W Pembroke Ave, Hampton, VA 23661","37.0021061","-76.4017819","Hampton","VA","23661","COMMERCIAL","VACANT","KERSHAW KARLA ALLISON & KERSHAW KELL","$276,400","https://www.google.com/maps/place/K%22s+Auto+Center/@37.0021061,-76.4017819,3a,75y,149.15h,90.81t/data=!3m7!1e1!3m5!1sRv3uY-o1Q6mpzhuN_sZocQ!2e0!6shttps:%2F%2Fstreetviewpixels-pa.googleapis.com%2Fv1%2Fthumbnail%3Fcb_client%3Dmaps_sv.tactile%26w%3D900%26h%3D600%26pitch%3D-0.809997877604232%26panoid%3DRv3uY-o1Q6mpzhuN_sZocQ%26yaw%3D149.14876684634856!7i16384!8i8192!4m9!1m2!2m1!1srite+aid+hampton+va!3m5!1s0x89ba9cdd816e48d7:0xcfd628b1083edba2!8m2!3d37.0018819!4d-76.4016549!16s%2Fg%2F1tdh9bm2?entry=ttu&g_ep=EgoyMDI1MTAwOC4wIKXMDSoASAFQAw%3D%3D","",""
"750 E. Little Back River Rd., Hampton, VA 23669","37.0646486","-76.3378502","Hampton","VA","23669","RESIDENTIAL","CONDEMNED","MCKOY KEVIN","$326,000","https://www.google.com/maps/place/750+E+Little+Back+River+Rd/@37.0646486,-76.3378502,3a,60y,152.45h,90.2t/data=!3m7!1e1!3m5!1sZP6bfYVm0qp97h--T8ngvg!2e0!6shttps:%2F%2Fstreetviewpixels-pa.googleapis.com%2Fv1%2Fthumbnail%3Fcb_client%3Dmaps_sv.tactile%26w%3D900%26h%3D600%26pitch%3D-0.20078123114835478%26panoid%3DZP6bfYVm0qp97h--T8ngvg%26yaw%3D152.44868779266417!7i16384!8i8192!4m6!3m5!1s0x89ba845b521fb55b:0x5d660f4d7056a818!4b1!8m2!3d37.067023!4d-76.3343673?entry=ttu&g_ep=EgoyMDI1MDcxMy4wIKXMDSoASAFQAw%3D%3D","",""
"4813 W Mercury Blvd, Hampton, VA 23666","37.0245471","-76.4344211","Hampton","VA","23666","COMMERCIAL","VACANT","NORTH KENNETH C TR HARBOR REALTY TR","$1,710,000","https://www.google.com/maps/place/Rite+Aid/@37.0245471,-76.4344211,381m/data=!3m1!1e3!4m10!1m2!2m1!1srite+aid+hampton+va!3m6!1s0x89ba9d355e0ad72f:0x2586b93a5f9bd938!8m2!3d37.024547!4d-76.432526!15sChNyaXRlIGFpZCBoYW1wdG9uIHZhIgOIAQFaFSITcml0ZSBhaWQgaGFtcHRvbiB2YZIBCWRydWdzdG9yZaoBYwoNL2cvMTFiYzVneHduOQoJL20vMDVsbTd6EAEqDCIIcml0ZSBhaWQoADIeEAEiGmnL8fXytBo-2T1_xldrqFWMVCsqK1QYSlCXMhcQAiITcml0ZSBhaWQgaGFtcHRvbiB2YeABAA!16s%2Fg%2F1tfrc23f?entry=ttu&g_ep=EgoyMDI1MTAwOC4wIKXMDSoASAFQAw%3D%3D","",""
"14 Ivy Home Rd., Hampton, VA 23669","37.0153595","-76.3414039","Hampton","VA","23669","RESTAURANT","DEMOLISHED","CITY OF HAMPTON","$1,003,600","https://www.google.com/maps/place/14+Ivy+Home+Rd,+Hampton,+VA+23669/@37.0153595,-76.3414039,3a,89.5y,107.94h,81.53t/data=!3m7!1e1!3m5!1s-ChBIVED4tZLtEhL96B5FA!2e0!6shttps:%2F%2Fstreetviewpixels-pa.googleapis.com%2Fv1%2Fthumbnail%3Fcb_client%3Dmaps_sv.tactile%26w%3D900%26h%3D600%26pitch%3D8.466313152879636%26panoid%3D-ChBIVED4tZLtEhL96B5FA%26yaw%3D107.93649573597193!7i13312!8i6656!4m6!3m5!1s0x89ba9b4aabf21809:0xefb595d51ca5729f!8m2!3d37.0152979!4d-76.3408537!16s%2Fg%2F11crvrfr53?entry=ttu&g_ep=EgoyMDI1MDcxMy4wIKXMDSoASAFQAw%3D%3D","",""
"1940 Power Plant Pkwy., Hampton, VA 23666","37.0341806","-76.3920389","Hampton","VA","23666","RESTAURANT","VACANT","HAMPTON ROADS ASSOCIATES LLC C/O CORDISH","$2,260,200","https://www.google.com/maps/place/1940+Power+Plant+Pkwy,+Hampton,+VA+23666/@37.0341806,-76.3920389,3a,61.5y,69.83h,92.4t/data=!3m7!1e1!3m5!1smaiJLuFIuiBfpi_OVB3KCQ!2e0!6shttps:%2F%2Fstreetviewpixels-pa.googleapis.com%2Fv1%2Fthumbnail%3Fcb_client%3Dmaps_sv.tactile%26w%3D900%26h%3D600%26pitch%3D-2.402961083479937%26panoid%3DmaiJLuFIuiBfpi_OVB3KCQ%26yaw%3D69.82645340889016!7i16384!8i8192!4m6!3m5!1s0x89ba83399b966fd1:0xa921dfc80d6a270d!8m2!3d37.0342766!4d-76.3917177!16s%2Fg%2F11bw3ydk5p?entry=ttu&g_ep=EgoyMDI1MDcxMy4wIKXMDSoASAFQAw%3D%3D","",""
"60 Towne Centre Way, Hampton, VA 23666","37.0605068","-76.4270147","Hampton","VA","23666","RESTAURANT","VACANT","NEISLOSS HAMPTON LLC","$1,303,000","https://www.google.com/maps/place/60+Towne+Centre+Wy,+Hampton,+VA+23666/@37.0605068,-76.4270147,3a,75y,93.19h,85.33t/data=!3m7!1e1!3m5!1soCfuah-wLr6VFgweJaCIAw!2e0!6shttps:%2F%2Fstreetviewpixels-pa.googleapis.com%2Fv1%2Fthumbnail%3Fcb_client%3Dmaps_sv.tactile%26w%3D900%26h%3D600%26pitch%3D4.670561086876873%26panoid%3DoCfuah-wLr6VFgweJaCIAw%26yaw%3D93.18933216368856!7i16384!8i8192!4m6!3m5!1s0x89ba82f16548b575:0x8676112933148cb4!8m2!3d37.0604743!4d-76.4266838!16s%2Fg%2F11bw41s0g5?entry=ttu&g_ep=EgoyMDI1MDcxMy4wIKXMDSoASAFQAw%3D%3D","",""
"1930 E Pembroke Ave, Hampton, VA 23663","37.0393597","-76.3081272","Hampton","VA","23663","COMMERCIAL","ABANDONED","KELLY W LANE IV & KELLY ALLEN RAY C/O PXN PEMBROKE LLC","$2,993,600","https://www.google.com/maps/place/1509+Wildwood+Dr/@37.0393597,-76.3081272,3a,60y,171.92h,87.37t/data=!3m7!1e1!3m5!1sXgzah614V3H5sGU2z1YVEQ!2e0!6shttps:%2F%2Fstreetviewpixels-pa.googleapis.com%2Fv1%2Fthumbnail%3Fcb_client%3Dmaps_sv.tactile%26w%3D900%26h%3D600%26pitch%3D2.63106621406142%26panoid%3DXgzah614V3H5sGU2z1YVEQ%26yaw%3D171.92221549866215!7i16384!8i8192!4m7!3m6!1s0x89ba9d2ee6bc4ac7:0x63f194af11293b75!4b1!8m2!3d37.0169902!4d-76.4175627!16s%2Fg%2F11c4wsbk4n?entry=ttu&g_ep=EgoyMDI1MDcxMy4wIKXMDSoASAFQAw%3D%3D","",""
"1927 E Pembroke Ave, Hampton, VA 23663","37.0393333","-76.3082335","Hampton","VA","23663","COMMERCIAL","ABANDONED","MELTON G W LLC","$480,000","https://www.google.com/maps/place/Paradapt+Services/@37.0393333,-76.3082335,3a,90y,158.61h,86.61t/data=!3m7!1e1!3m5!1s--k0ejSW8y9sIXfoiXG5Qg!2e0!6shttps:%2F%2Fstreetviewpixels-pa.googleapis.com%2Fv1%2Fthumbnail%3Fcb_client%3Dmaps_sv.tactile%26w%3D900%26h%3D600%26pitch%3D3.388139445904301%26panoid%3D--k0ejSW8y9sIXfoiXG5Qg%26yaw%3D158.6142074257515!7i16384!8i8192!4m6!3m5!1s0x89ba851bcac2f7bf:0x63592818dd4ff5ec!8m2!3d37.0394749!4d-76.3088521!16s%2Fg%2F1tq4rzvg?entry=ttu&g_ep=EgoyMDI1MDcxMy4wIKXMDSoASAFQAw%3D%3D","",""
"3200 Neil Armstrong Pkwy, Hampton, VA, 23666","37.0868584","-76.3941433","Hampton","VA","23666","COMMERCIAL","ABANDONED","MAGRUDER HOLDINGS LLC","$1,770,200","https://www.google.com/maps/place/37%C2%B005'13.0%22N+76%C2%B023'35.0%22W/@37.0868584,-76.3941433,19z/data=!4m5!3m4!4b1!8m2!3d37.0869444!4d-76.3930556?entry=ttu&g_ep=EgoyMDI1MDkyNC4wIKXMDSoASAFQAw%3D%3D","",""
"28 Water St, Hampton, VA 23663","37.0140335","-76.3183387","Hampton","VA","23663","COMMERCIAL","ABANDONED","HAMPTON OPERATIONS INC","$832,400","https://www.google.com/maps/place/28+Water+St,+Hampton,+VA+23663/@37.0140335,-76.3183387,62a,35y,315.02h,45.06t/data=!3m1!1e3!4m6!3m5!1s0x89ba84d56b4688eb:0xb4501035b2b573c8!8m2!3d37.0145751!4d-76.3188228!16s%2Fg%2F11c19l0frk?entry=ttu&g_ep=EgoyMDI1MTAwNy4wIKXMDSoASAFQAw%3D%3D","",""
"1925 Coliseum Dr, Hampton, VA 23666","37.0401461","-76.3881575","Hampton","VA","23666","COMMERCIAL","ABANDONED","ECONOMIC DEVELOPMENT AUTHORITY","$4,393,600","https://www.google.com/maps/place/1927+Coliseum+Dr,+Hampton,+VA+23666/@37.0401461,-76.3881575,18.5z/data=!4m5!3m4!1s0x89ba833f90484c0b:0x8ae40e36e60814ce!8m2!3d37.0401342!4d-76.3876221?entry=ttu&g_ep=EgoyMDI1MTAwNy4wIKXMDSoASAFQAw%3D%3D","",""
"303 Buckroe Ave, Hampton, VA 23664","37.044153","-76.2932866","Hampton","VA","23664","COMMERCIAL","ABANDONED","","$215,000","https://www.google.com/maps/place/303+Buckroe+Ave,+Hampton,+VA+23664/@37.044153,-76.2932866,126a,35y,188.12h,45t/data=!3m1!1e3!4m6!3m5!1s0x89ba8572b628686d:0xd2a2bf646a2418b6!8m2!3d37.042944!4d-76.2936951!16s%2Fg%2F11c25b7k6b?entry=ttu&g_ep=EgoyMDI1MTAwNy4wIKXMDSoASAFQAw%3D%3D","",""
"1923 N Mallory St, Hampton, VA 23664","37.0428143","-76.2935727","Hampton","VA","23664","COMMERCIAL","ABANDONED","MY CORNERLOT LLC","$137,400","https://www.google.com/maps/place/1923+N+Mallory+St,+Hampton,+VA+23664/@37.0428143,-76.2935727,19.75z/data=!4m6!3m5!1s0x89ba8572b806287f:0x8561fe043921815d!8m2!3d37.042919!4d-76.2935041!16s%2Fg%2F11bw4ch9ly?entry=ttu&g_ep=EgoyMDI1MTAwOC4wIKXMDSoASAFQAw%3D%3D","",""
"2034 Coliseum Dr, Hampton, VA 23666","37.0436164","-76.3902085","Hampton","VA","23666","COMMERCIAL","ABANDONED","BOSTON MARKET REAL ESTATE COMPANY","$1,336,000","https://www.google.com/maps/place/2034+Coliseum+Dr,+Hampton,+VA+23666/@37.0436164,-76.3902085,127a,35y,28.42h,45t/data=!3m1!1e3!4m6!3m5!1s0x89ba831506b671b3:0x6e20518887b58202!8m2!3d37.0445931!4d-76.3894955!16s%2Fg%2F11c24mtz9k?entry=ttu&g_ep=EgoyMDI1MTAwNy4wIKXMDSoASAFQAw%3D%3D","",""
"104 Research Dr, Hampton, VA 23666","37.0846481","-76.3948492","Hampton","VA","23666","COMMERCIAL","ABANDONED","MAGRUDER LANDING DEVELOPMENT COMPANY","$2,170,000","https://www.google.com/maps/place/104+Research+Dr+%23200,+Hampton,+VA+23666/@37.0846481,-76.3948492,18z/data=!3m1!4b1!4m6!3m5!1s0x89ba83b898ca81d3:0xa2b9349798de7495!8m2!3d37.0846481!4d-76.3942041!16s%2Fg%2F11y2r6pn82?entry=ttu&g_ep=EgoyMDI1MDkyNC4wIKXMDSoASAFQAw%3D%3D","",""
"9955 Warwick Blvd, Newport News, VA 23601","37.0285985","-76.4572185","Newport News","VA","23601","RESTAURANT","ABANDONED","BELLEVILLE DINERS LLC","$267,000","https://www.google.com/maps/place/Blue+Star+Diner/@37.0285985,-76.4572185,3a,75y,255.48h,71.95t/data=!3m7!1e1!3m5!1sTi84OyA93wu4KpUDxtoGhQ!2e0!6shttps:%2F%2Fstreetviewpixels-pa.googleapis.com%2Fv1%2Fthumbnail%3Fcb_client%3Dmaps_sv.tactile%26w%3D900%26h%3D600%26pitch%3D18.04961740104403%26panoid%3DTi84OyA93wu4KpUDxtoGhQ%26yaw%3D255.48118223001174!7i13312!8i6656!4m6!3m5!1s0x89b077fff1df4809:0x4f7b78f93ad1ea74!8m2!3d37.0285241!4d-76.4575174!16s%2Fg%2F113h9w7cw?entry=ttu&g_ep=EgoyMDI1MDcxMy4wIKXMDSoASAFQAw%3D%3D","",""
"420 Export Cir, Newport News, VA 23601","37.0425319","-76.4706734","Newport News","VA","23601","COMMERCIAL","ABANDONED","CAMP MORRISON ASSOCIATES LP","$5,494,600","https://www.google.com/maps/place/420+Export+Cir,+Newport+News,+VA+23601/@37.0425319,-76.4706734,3a,87.2y,307.9h,74.33t/data=!3m7!1e1!3m5!1sOwQE6NFJpEFWDzsGnNjFfg!2e0!6shttps:%2F%2Fstreetviewpixels-pa.googleapis.com%2Fv1%2Fthumbnail%3Fcb_client%3Dmaps_sv.tactile%26w%3D900%26h%3D600%26pitch%3D15.672734568022307%26panoid%3DOwQE6NFJpEFWDzsGnNjFfg%26yaw%3D307.9032978751276!7i16384!8i8192!4m6!3m5!1s0x89b07810f4e32793:0xa0f5bd8d2c296039!8m2!3d37.0426614!4d-76.4709599!16s%2Fg%2F11c4w27xnt?entry=ttu&g_ep=EgoyMDI1MDcxMy4wIKXMDSoASAFQAw%3D%3D","",""
"3401 Orcutt Ave, Newport News, VA 23607","36.9891548","-76.4157543","Newport News","VA","23607","INSTITUTIONAL","ABANDONED","CITY OF NEWPORT NEWS SCHOOL BOARD","$17,133,100","https://www.google.com/maps/place/3401+Orcutt+Ave,+Newport+News,+VA+23607/@36.9891548,-76.4157543,3a,60y,43.31h,82.21t/data=!3m7!1e1!3m5!1sRkCd0xpJrZQgFe_xYLZqAA!2e0!6shttps:%2F%2Fstreetviewpixels-pa.googleapis.com%2Fv1%2Fthumbnail%3Fcb_client%3Dmaps_sv.tactile%26w%3D900%26h%3D600%26pitch%3D7.78542035570878%26panoid%3DRkCd0xpJrZQgFe_xYLZqAA%26yaw%3D43.30580263542775!7i16384!8i8192!4m6!3m5!1s0x89ba9d038440a04b:0x165a81a7063cf9e3!8m2!3d36.9895537!4d-76.4150874!16s%2Fg%2F11bw49w31k?entry=ttu&g_ep=EgoyMDI1MDcxMy4wIKXMDSoASAFQAw%3D%3D","",""
"11073 Warwick Blvd C, Newport News, VA 23601","37.0473947","-76.4737665","Newport News","VA","23601","HOSPITALITY","ABANDONED","SDW PROPERTIES LLC","$542,500","https://www.google.com/maps/place/Hair+Raisers/@37.0473947,-76.4737665,3a,89.3y,273.54h,88.39t/data=!3m7!1e1!3m5!1sRbe8G0A3mwwqvd8XGPBbdA!2e0!6shttps:%2F%2Fstreetviewpixels-pa.googleapis.com%2Fv1%2Fthumbnail%3Fcb_client%3Dmaps_sv.tactile%26w%3D900%26h%3D600%26pitch%3D1.6109979920133242%26panoid%3DRbe8G0A3mwwqvd8XGPBbdA%26yaw%3D273.53632353522465!7i16384!8i8192!4m15!1m8!3m7!1s0x89b078511a692bd3:0x2494229bcf5eaf6c!2s359+Hiden+Blvd,+Newport+News,+VA+23606!3b1!8m2!3d37.0685397!4d-76.4945449!16s%2Fg%2F11bw4blm58!3m5!1s0x89b07814109fa6c9:0x84be256011424725!8m2!3d37.0476228!4d-76.4742296!16s%2Fg%2F1tfjrl45?entry=ttu&g_ep=EgoyMDI1MDcxMy4wIKXMDSoASAFQAw%3D%3D","",""
"10 Willow Oaks Blvd, Hampton, VA 23669","37.0575261","-76.3249311","Hampton","VA","23669","RETAIL","VACANT","AG WG I LLC","$6,837,200","https://www.google.com/maps/place/higi/@37.0575261,-76.3249311,3a,60y,341.71h,90t/data=!3m7!1e1!3m5!1sTRB7-ah_XQQVa88OoOIs_g!2e0!6shttps:%2F%2Fstreetviewpixels-pa.googleapis.com%2Fv1%2Fthumbnail%3Fcb_client%3Dmaps_sv.tactile%26w%3D900%26h%3D600%26pitch%3D0%26panoid%3DTRB7-ah_XQQVa88OoOIs_g%26yaw%3D341.7108210081872!7i16384!8i8192!4m6!3m5!1s0x89ba8456495b1afd:0x2d4546b226cb7797!8m2!3d37.0579481!4d-76.3248265!16s%2Fg%2F11f53qjbgq?entry=ttu&g_ep=EgoyMDI1MDcxMy4wIKXMDSoASAFQAw%3D%3D","",""
"225 Fox Hill Rd, Hampton, VA 23669","37.0580694","-76.3281048","Hampton","VA","23669","COMMERCIAL","ABANDONED","","$10,993,700","https://www.google.com/maps/place/225+Fox+Hill+Rd+D8,+Hampton,+VA+23669/@37.0580694,-76.3281048,75a,35y,262.8h,45.05t/data=!3m1!1e3!4m6!3m5!1s0x89ba8458219e3629:0xc0f829b31229c852!8m2!3d37.0578224!4d-76.3292788!16s%2Fg%2F11rwm5qfcj?entry=ttu&g_ep=EgoyMDI1MTAwNy4wIKXMDSoASAFQAw%3D%3D","",""
"223 Fox Hill Rd, Hampton, VA 23669","37.0575798","-76.3259665","Hampton","VA","23669","COMMERCIAL","ABANDONED","","$10,993,700","https://www.google.com/maps/@37.0575798,-76.3259665,3a,60y,243.69h,88.76t/data=!3m7!1e1!3m5!1sdiMYHlUOxEf2ryXZuZu9Gg!2e0!6shttps:%2F%2Fstreetviewpixels-pa.googleapis.com%2Fv1%2Fthumbnail%3Fcb_client%3Dmaps_sv.tactile%26w%3D900%26h%3D600%26pitch%3D1.24290112477388%26panoid%3DdiMYHlUOxEf2ryXZuZu9Gg%26yaw%3D243.6889716535597!7i16384!8i8192?entry=ttu&g_ep=EgoyMDI1MDcxMy4wIKXMDSoASAFQAw%3D%3D","",""
"227 Fox Hill Rd #19, Hampton, VA 23669","37.059531","-76.3281693","Hampton","VA","23669","COMMERCIAL","ABANDONED","","$10,993,700","https://www.google.com/maps/place/Gordmans/@37.059531,-76.3281693,3a,75y,205.94h,87.99t/data=!3m7!1e1!3m5!1sTl4v6HIzxVPoyy7xFy7LJg!2e0!6shttps:%2F%2Fstreetviewpixels-pa.googleapis.com%2Fv1%2Fthumbnail%3Fcb_client%3Dmaps_sv.tactile%26w%3D900%26h%3D600%26pitch%3D2.012084383312967%26panoid%3DTl4v6HIzxVPoyy7xFy7LJg%26yaw%3D205.93506774556724!7i16384!8i8192!4m6!3m5!1s0x89ba8567d9ee9739:0x2c9d74624ccb19ca!8m2!3d37.0591735!4d-76.3283996!16s%2Fg%2F11j8wc4j97?entry=ttu&g_ep=EgoyMDI1MDcxMy4wIKXMDSoASAFQAw%3D%3D","",""
"601 W 21st St., Norfolk, VA 23517","36.869759","-76.293580","Norfolk","VA","23517","RETAIL","VACANT","Qaza Family Llc","$849,200","https://www.google.com/maps/place/601+W+21st+St,+Norfolk,+VA+23517/@36.869759,-76.293580,17z","",""
"1001 Tidewater Dr., Norfolk, VA 23503","36.94582","-76.25219","Norfolk","VA","23503","COMMERCIAL OFFICE","CONDEMNED","CITY OF NORFOLK","$1,386,600","https://www.google.com/maps/place/1001+Tidewater+Dr.%2C+Norfolk%2C+VA+23503/@36.94582,-76.25219,17z","",""
"2300 N Military Hwy., Norfolk, VA 23502","36.881370","-76.213653","Norfolk","VA","23502","COMMERCIAL","ABANDONED","","","https://www.google.com/maps/place/2300+N+Military+Hwy,+Norfolk,+VA+23502/@36.881370,-76.213653,17z","",""
"3455 Campbell St., Norfolk, VA 23517","36.85344","-76.29210","Norfolk","VA","23517","RESIDENTIAL","CONDEMNED","","","https://www.google.com/maps/place/3455+Campbell+St.%2C+Norfolk%2C+VA+23517/@36.85344,-76.29210,17z","",""
"4615 Lafayette Blvd., Norfolk, VA 23509","36.875339","-76.254003","Norfolk","VA","23509","INDUSTRIAL","VACANT","","","https://www.google.com/maps/place/4615+Lafayette+Blvd,+Norfolk,+VA+23509/@36.875339,-76.254003,17z","",""
"700 W Princess Anne Rd., Norfolk, VA 23510","36.8635","-76.3028","Norfolk","VA","23510","COMMERCIAL","DEMOLISHED","SCHOENFELD, PHILIP M","$953,600","https://www.google.com/maps/place/700+W+Princess+Anne+Rd.%2C+Norfolk%2C+VA+23510/@36.8635,-76.3028,17z","",""
"132-134 W 27th St., Norfolk, VA 23507","36.85417","-76.28444","Norfolk","VA","23507","RESIDENTIAL","CONDEMNED","","","https://www.google.com/maps/place/132-134+W+27th+St.%2C+Norfolk%2C+VA+23507/@36.85417,-76.28444,17z","",""
"1151 US Hwy 17 S, Elizabeth City, NC 27909","36.281647","-76.277142","Elizabeth City","NC","27909","HOSPITALITY","CONDEMNED","PATEL, AAKASH S & CHANDI, TEJWANTS","$212,500","https://www.google.com/maps/place/1151+US+Hwy+17+S,+Elizabeth+City,+NC+27909/@36.281647,-76.277142,17z","https://www.ncdps.gov/news/press-releases/2026/02/26/temporary-restraining-order-issued-elizabeth-city-nuisance-case",""
"820 Park St, Elizabeth City, NC 27909","36.290442","-76.215078","Elizabeth City","NC","27909","RESIDENTIAL","DEMOLISHED","RAGIN, ROBERT","$28,500","https://www.google.com/maps/place/820+Park+St,+Elizabeth+City,+NC+27909/@36.290442,-76.215078,17z","https://www.13newsnow.com/article/news/local/north-carolina/elizabeth-city-vacant-house-fire-park-street/291-98015651-f894-433e-bbda-9d4183768484",""
"1417 W Ehringhaus St, Elizabeth City, NC 27909","36.294363","-76.241189","Elizabeth City","NC","27909","COMMERCIAL","VACANT","","","https://www.google.com/maps/place/1417+W+Ehringhaus+St,+Elizabeth+City,+NC+27909/@36.294363,-76.241189,17z","https://www.dailyadvance.com/news/local/rce-theater-announces-plans-to-close-for-good/article_9c5b909e-5bfc-4a5e-b4ca-9e4945b94457.html",""
"11076 Warwick Blvd, Newport News, VA 23601","37.047966","-76.473759","Newport News","VA","23601","COMMERCIAL","VACANT","LIDL US OPERATIONS LLC","$3,251,300","https://www.google.com/maps/place/11076+Warwick+Blvd,+Newport+News,+VA+23601/@37.047966,-76.473759,17z","https://assessment.nnva.gov/PT/search/commonsearch.aspx?mode=address",""
"11069 Warwick Blvd, Newport News, VA 23601","37.047551","-76.473856","Newport News","VA","23601","COMMERCIAL","VACANT","TELE HOMES LLC","$860,100","https://www.google.com/maps/place/11069+Warwick+Blvd,+Newport+News,+VA+23601/@37.047551,-76.473856,17z","https://assessment.nnva.gov/PT/search/commonsearch.aspx?mode=address",""
"4001 Jefferson Ave, Newport News, VA 23607","36.991055","-76.427381","Newport News","VA","23607","COMMERCIAL","DEMOLISHED","N N R & H A","$0","https://www.google.com/maps/place/4001+Jefferson+Ave,+Newport+News,+VA+23607/@36.991055,-76.427381,17z","https://assessment.nnva.gov/PT/search/commonsearch.aspx?mode=address",""
"4005 Jefferson Ave, Newport News, VA 23607","36.991147","-76.427438","Newport News","VA","23607","COMMERCIAL","DEMOLISHED","N N R & H A","$0","https://www.google.com/maps/place/4005+Jefferson+Ave,+Newport+News,+VA+23607/@36.991147,-76.427438,17z","https://assessment.nnva.gov/PT/search/commonsearch.aspx?mode=address",""
"4010 Jefferson Ave, Newport News, VA 23607","36.991168","-76.426983","Newport News","VA","23607","COMMERCIAL","DEMOLISHED","N N R & H A","$0","https://www.google.com/maps/place/4010+Jefferson+Ave,+Newport+News,+VA+23607/@36.991168,-76.426983,17z","https://assessment.nnva.gov/PT/search/commonsearch.aspx?mode=address",""
"4015 Jefferson Ave, Newport News, VA 23607","36.991410","-76.427530","Newport News","VA","23607","COMMERCIAL","DEMOLISHED","N N R & H A","$0","https://www.google.com/maps/place/4015+Jefferson+Ave,+Newport+News,+VA+23607/@36.991410,-76.427530,17z","https://assessment.nnva.gov/PT/search/commonsearch.aspx?mode=address",""
"4100 Jefferson Ave, Newport News, VA 23607","36.991913","-76.427287","Newport News","VA","23607","COMMERCIAL","DEMOLISHED","N N R & H A","$0","https://www.google.com/maps/place/4100+Jefferson+Ave,+Newport+News,+VA+23607/@36.991913,-76.427287,17z","https://assessment.nnva.gov/PT/search/commonsearch.aspx?mode=address",""
"4104 Jefferson Ave, Newport News, VA 23607","36.992004","-76.427328","Newport News","VA","23607","COMMERCIAL","DEMOLISHED","N N R & H A","$0","https://www.google.com/maps/place/4104+Jefferson+Ave,+Newport+News,+VA+23607/@36.992004,-76.427328,17z","https://assessment.nnva.gov/PT/search/commonsearch.aspx?mode=address",""
"4108 Jefferson Ave, Newport News, VA 23607","36.992113","-76.427327","Newport News","VA","23607","COMMERCIAL","DEMOLISHED","N N R & H A","$0","https://www.google.com/maps/place/4108+Jefferson+Ave,+Newport+News,+VA+23607/@36.992113,-76.427327,17z","https://assessment.nnva.gov/PT/search/commonsearch.aspx?mode=address",""
"4301 Jefferson Ave, Newport News, VA 23607","36.992969","-76.428581","Newport News","VA","23607","COMMERCIAL","DEMOLISHED","NEWPORT NEWS GREEN FOUNDATION INC","$0","https://www.google.com/maps/place/4301+Jefferson+Ave,+Newport+News,+VA+23607/@36.992969,-76.428581,17z","https://assessment.nnva.gov/PT/search/commonsearch.aspx?mode=address",""
"5859 Jefferson Ave, Newport News, VA 23605","37.005984","-76.436822","Newport News","VA","23605","RESIDENTIAL","DEMOLISHED","CITY OF NEWPORT NEWS","$0","https://www.google.com/maps/place/5859+Jefferson+Ave,+Newport+News,+VA+23605/@37.005984,-76.436822,17z","https://assessment.nnva.gov/PT/search/commonsearch.aspx?mode=address",""
"6050 Jefferson Ave, Newport News, VA 23605","37.018117","-76.443311","Newport News","VA","23605","COMMERCIAL","VACANT","ECONOMIC DEVELOPMENT AUTHORITY OF THE CITY OF NEWPORT NEWS","$0","https://www.google.com/maps/place/6050+Jefferson+Ave,+Newport+News,+VA+23605/@37.018117,-76.443311,17z","https://assessment.nnva.gov/PT/search/commonsearch.aspx?mode=address",""
"11134 Warwick Blvd, Newport News, VA 23601","37.049284","-76.475012","Newport News","VA","23601","COMMERCIAL","VACANT","11134 WARWICK PROPERTIES LLC","$990,200","https://www.google.com/maps/@37.0492838,-76.4750123,3a,73.7y,76.7h,81.53t/data=!3m7!1e1!3m5!1sfJqdYf-872b98Jghk82OsQ!2e0!6shttps:%2F%2Fstreetviewpixels-pa.googleapis.com%2Fv1%2Fthumbnail%3Fcb_client%3Dmaps_sv.tactile%26w%3D900%26h%3D600%26pitch%3D8.469999999999999%26panoid%3DfJqdYf-872b98Jghk82OsQ%26yaw%3D76.7!7i16384!8i8192","https://assessment.nnva.gov/PT/search/commonsearch.aspx?mode=address","Former bank or drive-through commercial building. Empty parking lot, no signage, dark windows. Assessor lists as 11134 not 11136."
"880 N Military Hwy, Norfolk, VA 23502","36.850900","-76.205300","Norfolk","VA","23502","COMMERCIAL","ABANDONED","NORFOLK ECONOMIC DEVELOPMENT AUTHORITY","$14,647,200","https://www.google.com/maps/place/880+N+Military+Hwy,+Norfolk,+VA+23502/@36.8509,-76.2053,17z","https://www.norfolk.gov/6268","Military Circle Mall. ~1.1M sqft. Closed Jan 2023. Last anchor (Regal) closed Jan 2026. Demolition planned."
"6205 N Military Hwy, Norfolk, VA 23518","36.891500","-76.210100","Norfolk","VA","23518","RETAIL","ABANDONED","KROGER LIMITED PARTNERSHIP I","$8,389,900","https://www.google.com/maps/place/6205+N+Military+Hwy,+Norfolk,+VA+23518/@36.8915,-76.2101,17z","https://www.norfolk.gov/6386/6205-6215-N-Military-Hwy-Kmart-Site","Former Super Kmart. 192K sqft. Closed March 2017. 180K sqft boarded up. Adventure park approved but not yet open."
"300 Monticello Ave, Norfolk, VA 23510","36.848700","-76.286800","Norfolk","VA","23510","COMMERCIAL","VACANT","S L NUSBAUM REALTY CO","$21,478,500","https://www.google.com/maps/place/300+Monticello+Ave,+Norfolk,+VA+23510/@36.8487,-76.2868,17z","https://www.norfolk.gov/6267/MacArthur-Center","MacArthur Center mall. Most storefronts vacant. Closing June 27 2026 for demolition. Redevelopment as The Anchorage."
"1244 E Princess Anne Rd, Norfolk, VA 23504","36.855400","-76.268300","Norfolk","VA","23504","COMMERCIAL","VACANT","CITY OF NORFOLK","$142,300","https://www.google.com/maps/place/1244+E+Princess+Anne+Rd,+Norfolk,+VA+23504/@36.8554,-76.2683,17z","https://www.norfolk.gov/6383/1244-Princess-Anne-Road","City-owned. 18782 sqft. Zoned C-C commercial. RFP issued Feb 2026. May be vacant lot - needs SV verification."
"3020 E Princess Anne Rd, Norfolk, VA 23504","36.855800","-76.253300","Norfolk","VA","23504","RETAIL","VACANT","CITY OF NORFOLK","$127,000","https://www.google.com/maps/place/3020+E+Princess+Anne+Rd,+Norfolk,+VA+23504/@36.8558,-76.2533,17z","https://www.norfolk.gov/6389/Former-Spartan-Market-Site","Former Spartan Market. Built 1937. City purchased for redevelopment. Needs SV verification."
"1539 E Virginia Beach Blvd, Norfolk, VA 23504","36.852000","-76.266600","Norfolk","VA","23504","COMMERCIAL","PROBABLY VACANT","MILITARY PRECISION REAL ESTATE INVESTMENT GROUP LLC","$196,000","https://www.google.com/maps/place/1539+E+Virginia+Beach+Blvd,+Norfolk,+VA+23504/@36.8520,-76.2666,17z","https://data.norfolk.gov/Government/Neighborhood-Quality-Code-Enforcement-Cases/mxtv-99gh","Board-up case in Norfolk code enforcement data. Needs SV verification."
"828 A Ave, Norfolk, VA 23504","36.863900","-76.275700","Norfolk","VA","23504","RESIDENTIAL","PROBABLY VACANT","CLEARVIEW HOMES VA, LLC","$127,300","https://www.google.com/maps/place/828+A+Ave,+Norfolk,+VA+23504/@36.8639,-76.2757,17z","https://data.norfolk.gov/Government/Neighborhood-Quality-Code-Enforcement-Cases/mxtv-99gh","Board-up case. Park Place neighborhood. Needs SV verification."
"1701 Hunter St, Norfolk, VA 23504","36.864800","-76.275500","Norfolk","VA","23504","RESIDENTIAL","PROBABLY VACANT","HOLMES, LAREECIA & PATE ROBERT","$198,100","https://www.google.com/maps/place/1701+Hunter+St,+Norfolk,+VA+23504/@36.8648,-76.2755,17z","https://data.norfolk.gov/Government/Neighborhood-Quality-Code-Enforcement-Cases/mxtv-99gh","Board-up case. Multiple code enforcement entries suggest ongoing vacancy. Needs SV verification."
"611 W 26th St, Norfolk, VA 23507","36.873600","-76.292400","Norfolk","VA","23507","RESIDENTIAL","PROBABLY VACANT","COLEY, MABLE G","$157,500","https://www.google.com/maps/place/611+W+26th+St,+Norfolk,+VA+23507/@36.8736,-76.2924,17z","https://data.norfolk.gov/Government/Neighborhood-Quality-Code-Enforcement-Cases/mxtv-99gh","Board-up case. Needs SV verification."
"313 W 30th St, Norfolk, VA 23504","36.875000","-76.286400","Norfolk","VA","23504","RESIDENTIAL","PROBABLY VACANT","MOSS, CHRISTOPHER","$257,500","https://www.google.com/maps/place/313+W+30th+St,+Norfolk,+VA+23504/@36.8750,-76.2864,17z","https://data.norfolk.gov/Government/Neighborhood-Quality-Code-Enforcement-Cases/mxtv-99gh","Board-up case. Needs SV verification."
"1146 W Ocean View Ave, Norfolk, VA 23503","36.967200","-76.283400","Norfolk","VA","23503","COMMERCIAL","PROBABLY VACANT","ODU822 LLC","$346,300","https://www.google.com/maps/place/1146+W+Ocean+View+Ave,+Norfolk,+VA+23503/@36.9672,-76.2834,17z","https://data.norfolk.gov/Government/Neighborhood-Quality-Code-Enforcement-Cases/mxtv-99gh","Board-up case. Multiple entries. Ocean View corridor. Needs SV verification."
"731 W Ocean View Ave, Norfolk, VA 23503","36.964300","-76.269600","Norfolk","VA","23503","COMMERCIAL","PROBABLY VACANT","LASSITER, RENARDA","$216,400","https://www.google.com/maps/place/731+W+Ocean+View+Ave,+Norfolk,+VA+23503/@36.9643,-76.2696,17z","https://data.norfolk.gov/Government/Neighborhood-Quality-Code-Enforcement-Cases/mxtv-99gh","Board-up case. Ocean View corridor. Needs SV verification."
"1243 Maltby Ave, Norfolk, VA 23504","36.856400","-76.267600","Norfolk","VA","23504","RESIDENTIAL","PROBABLY VACANT","3016 WILLIAMS VA LLC","$125,800","https://www.google.com/maps/place/1243+Maltby+Ave,+Norfolk,+VA+23504/@36.8564,-76.2676,17z","https://data.norfolk.gov/Government/Neighborhood-Quality-Code-Enforcement-Cases/mxtv-99gh","Board-up case. Broad Creek neighborhood. Needs SV verification."
"6201 Sewells Point Rd, Norfolk, VA 23513","36.891800","-76.238800","Norfolk","VA","23513","COMMERCIAL","PROBABLY VACANT","TIDEWATER INVESTMENTS LLC","$133,800","https://www.google.com/maps/place/6201+Sewells+Point+Rd,+Norfolk,+VA+23513/@36.8918,-76.2388,17z","https://data.norfolk.gov/Government/Neighborhood-Quality-Code-Enforcement-Cases/mxtv-99gh","Former Delicate China Restaurant. 15367 sqft commercial. Built 1944. Board-up case. Needs SV verification."
"1200 Sheppard Ave, Norfolk, VA 23518","36.924100","-76.240500","Norfolk","VA","23518","RESIDENTIAL","PROBABLY VACANT","OWENS FAMILY REVOCABLE LIVING TRUST","$266,500","https://www.google.com/maps/place/1200+Sheppard+Ave,+Norfolk,+VA+23518/@36.9241,-76.2405,17z","https://data.norfolk.gov/Government/Neighborhood-Quality-Code-Enforcement-Cases/mxtv-99gh","Board-up case. Structure fire Oct 2025. Near Chesapeake Blvd. Needs SV verification."
"1310 Hull St, Richmond, VA 23224","37.520315","-77.444966","Richmond","VA","23224","RETAIL","VACANT","ANDREW MANAGEMENT LLC","$209,000","https://www.google.com/maps/@37.520315,-77.444966,3a,75y,0h,90t/data=!3m6!1e1!3m4!1s0x0:0x0!2e0!7i16384!8i8192","https://www.actdatascout.com/RealProperty/Virginia/Richmond","Former 1 Hour Cleaners/Laundry. Faded signage, empty storefront windows. On City of Richmond Vacant Building List Oct 2025."
"1407 Hull St, Richmond, VA 23224","37.519891","-77.445861","Richmond","VA","23224","COMMERCIAL","ABANDONED","1401 1407 HULL STREET OWNER LLC","$534,000","https://www.google.com/maps/@37.519891,-77.445861,3a,75y,340h,90t/data=!3m6!1e1!3m4!1s0x0:0x0!2e0!7i16384!8i8192","https://www.actdatascout.com/RealProperty/Virginia/Richmond","Heavy graffiti on walls, dark windows. Corner building clearly abandoned. On City of Richmond Vacant Building List Oct 2025."
"1431 Hull St, Richmond, VA 23224","37.519729","-77.446116","Richmond","VA","23224","RETAIL","VACANT","MACK REAL ESTATE PROPERTIES","$134,000","https://www.google.com/maps/@37.519729,-77.446116,3a,75y,0h,90t/data=!3m6!1e1!3m4!1s0x0:0x0!2e0!7i16384!8i8192","https://www.actdatascout.com/RealProperty/Virginia/Richmond","Boarded windows with red panels, old painting/lead abatement signage. On City of Richmond Vacant Building List Oct 2025."
"1511 Hull St, Richmond, VA 23224","37.519162","-77.447014","Richmond","VA","23224","RESIDENTIAL","DEMOLISHED","WRT 1500 LIHTC APTS LLC","$1,130,000","https://www.google.com/maps/@37.519162,-77.447014,3a,75y,0h,90t/data=!3m6!1e1!3m4!1s0x0:0x0!2e0!7i16384!8i8192","https://www.actdatascout.com/RealProperty/Virginia/Richmond","Cleared lot, no standing structure. Former LIHTC apartment site. On City of Richmond Vacant Building List Oct 2025."
"1600 Hull St, Richmond, VA 23224","37.518662","-77.447576","Richmond","VA","23224","COMMERCIAL","VACANT","BARBARA AND PORTIA INC","$297,000","https://www.google.com/maps/@37.518662,-77.447576,3a,75y,0h,90t/data=!3m6!1e1!3m4!1s0x0:0x0!2e0!7i16384!8i8192","https://www.actdatascout.com/RealProperty/Virginia/Richmond","Two vacant commercial buildings with dark windows and boarded windows. On City of Richmond Vacant Building List Oct 2025."
"1605 Hull St, Richmond, VA 23224","37.518687","-77.447773","Richmond","VA","23224","RETAIL","VACANT","RALSTON DEVELOPMENT LC","$138,000","https://www.google.com/maps/@37.518687,-77.447773,3a,75y,180h,90t/data=!3m6!1e1!3m4!1s0x0:0x0!2e0!7i16384!8i8192","https://www.actdatascout.com/RealProperty/Virginia/Richmond","FOR LEASE / BUILD-TO-SUIT signage. Security grates on windows, graffiti. Row of vacant storefronts. On City of Richmond Vacant Building List Oct 2025."
"2906 Hull St, Richmond, VA 23224","37.510462","-77.460457","Richmond","VA","23224","COMMERCIAL","VACANT","2906 HULL STREET LAND TRUST","$173,000","https://www.google.com/maps/@37.510462,-77.460457,3a,75y,180h,90t/data=!3m6!1e1!3m4!1s0x0:0x0!2e0!7i16384!8i8192","https://www.actdatascout.com/RealProperty/Virginia/Richmond","Brick commercial building with old/faded signage. No visible business activity. On City of Richmond Vacant Building List Oct 2025."
"3055 Hull St, Richmond, VA 23224","37.509200","-77.462638","Richmond","VA","23224","COMMERCIAL","DEMOLISHED","MCDOWELL DESEAN A SR","$118,000","https://www.google.com/maps/@37.509200,-77.462638,3a,75y,180h,90t/data=!3m6!1e1!3m4!1s0x0:0x0!2e0!7i16384!8i8192","https://www.actdatascout.com/RealProperty/Virginia/Richmond","Overgrown vacant lot with crumbling pavement. Former commercial building demolished. On City of Richmond Vacant Building List Oct 2025."
"3088 Hull St, Richmond, VA 23224","37.508749","-77.463110","Richmond","VA","23224","RETAIL","VACANT","DIEMOND HEAD INVESTMENTS","$214,000","https://www.google.com/maps/@37.508749,-77.463110,3a,75y,180h,90t/data=!3m6!1e1!3m4!1s0x0:0x0!2e0!7i16384!8i8192","https://www.actdatascout.com/RealProperty/Virginia/Richmond","Commercial storefronts with boarded-up windows. On City of Richmond Vacant Building List Oct 2025."
"2 E Broad St, Richmond, VA 23219","37.545691","-77.441787","Richmond","VA","23219","COMMERCIAL","VACANT","JEMALS STANDARD DRUG STORE LLC","$921,000","https://www.google.com/maps/@37.545691,-77.441787,3a,75y,0h,90t/data=!3m6!1e1!3m4!1s0x0:0x0!2e0!7i16384!8i8192","https://www.actdatascout.com/RealProperty/Virginia/Richmond","Multi-story downtown commercial building. Dark storefronts, no visible business activity. Owned by Douglas Development Corp. On City of Richmond Vacant Building List Oct 2025."
"206 E Broad St, Richmond, VA 23219","37.544600","-77.439952","Richmond","VA","23219","COMMERCIAL","VACANT","HULAIQA SADDAM & PADY","$650,000","https://www.google.com/maps/@37.544600,-77.439952,3a,75y,0h,90t/data=!3m6!1e1!3m4!1s0x0:0x0!2e0!7i16384!8i8192","https://www.actdatascout.com/RealProperty/Virginia/Richmond","Large red brick commercial building at corner. Empty ground floor, dark windows on upper floors. On City of Richmond Vacant Building List Oct 2025."
"208 E Broad St, Richmond, VA 23219","37.544591","-77.439936","Richmond","VA","23219","COMMERCIAL","VACANT","JEMALS HARPERS LLC","$536,000","https://www.google.com/maps/@37.544591,-77.439936,3a,75y,0h,90t/data=!3m6!1e1!3m4!1s0x0:0x0!2e0!7i16384!8i8192","https://www.actdatascout.com/RealProperty/Virginia/Richmond","Adjacent to 206 E Broad. Multi-story commercial building, vacant. Owned by Douglas Development Corp. On City of Richmond Vacant Building List Oct 2025."
"2631 W Cary St, Richmond, VA 23220","37.550835","-77.474326","Richmond","VA","23220","COMMERCIAL","DEMOLISHED","J J A WANG LLC","$814,000","https://www.google.com/maps/@37.550835,-77.474326,3a,75y,180h,90t/data=!3m6!1e1!3m4!1s0x0:0x0!2e0!7i16384!8i8192","https://www.actdatascout.com/RealProperty/Virginia/Richmond","Vacant dirt lot between buildings. Former commercial building demolished. On City of Richmond Vacant Building List Oct 2025."
"602 Virginia St E, Charleston, WV 25301","38.350562","-81.637491","Charleston","WV","25301","COMMERCIAL","VACANT","WOODRUMS BUILDING LIMITED PARTNERSHIP","$2,502,755","https://www.google.com/maps/place/The+Woodrums+Building/@38.350562,-81.637491,17z","https://kanawha.wvassessor.com/apps/search.aspx","Historic 6-story Woodrums department store. Listed Closed on Google Maps. Failed auction. On Charleston Vacant Structure Registry."
"1601 Washington St E, Charleston, WV 25311","38.340111","-81.616037","Charleston","WV","25311","COMMERCIAL","DEMOLISHED","CHARLESTON URBAN RENEWAL AUTHORITY","","https://www.google.com/maps/@38.340111,-81.616037,18z","https://kanawha.wvassessor.com/apps/search.aspx","Vacant cleared lot at Elizabeth & Washington Sts. Parcels 1601-1607. Concrete barriers, mural on adjacent building wall."
"1609 Washington St E, Charleston, WV 25311","38.340028","-81.615884","Charleston","WV","25311","COMMERCIAL","DEMOLISHED","CHARLESTON URBAN RENEWAL AUTHORITY","$24,500","https://www.google.com/maps/@38.340028,-81.615884,18z","https://kanawha.wvassessor.com/apps/search.aspx","Vacant lot adjacent to 1601-1607 Washington St E. City-owned Urban Renewal parcel."
"1002 Quarrier St, Charleston, WV 25301","38.348198","-81.632838","Charleston","WV","25301","COMMERCIAL","DEMOLISHED","CHARLESTON URBAN RENEWAL AUTHORITY","$243,500","https://www.google.com/maps/@38.348198,-81.632838,18z","https://kanawha.wvassessor.com/apps/search.aspx","Former commercial buildings demolished, now surface parking lot. Downtown location, lot 112x177."
"1213 Washington St W, Charleston, WV 25302","38.369375","-81.655961","Charleston","WV","25302","RESIDENTIAL","DEMOLISHED","CHARLESTON URBAN RENEWAL AUTHORITY","$28,900","https://www.google.com/maps/@38.369375,-81.655961,18z","https://kanawha.wvassessor.com/apps/search.aspx","Completely overgrown vacant lot. Dense vegetation covering former building site. West Side, Huntsville area."
"3910 Victory Blvd, Portsmouth, VA 23701","36.809451","-76.355298","Portsmouth","VA","23701","COMMERCIAL","VACANT","PORTSMOUTH REDEVELOPMENT AND HOUSING AUTHORITY","$1,379,950","https://www.google.com/maps/place/3910+Victory+Blvd,+Portsmouth,+VA+23701/@36.8094514,-76.3552983,834m/data=!3m2!1e3!4b1","https://www.prha.org/redevelopment/available_properties.php","2.74-acre vacant commercial lot in Victory Crossing Shopping Center. PRHA-owned, available for development. No structure - cleared land."
"301 N 1st St, Richmond, VA 23219","37.545160","-77.440896","Richmond","VA","23219","COMMERCIAL","ABANDONED","","$1,961,000","https://www.google.com/maps/@37.5452542,-77.4409521,3a,60y,332.4h,86.02t/data=!3m7!1e1!3m5!1sYAqgMNoFBIgwZhkQAQGYng!2e0!7i16384!8i8192","","Boarded-up storefront with plywood on all windows, heavy graffiti. Downtown Richmond, Jackson Ward area."
"4 E Broad St, Richmond, VA 23219","37.545681","-77.441771","Richmond","VA","23219","COMMERCIAL","ABANDONED","","$921,000","https://www.google.com/maps/@37.5456171,-77.4417767,3a,75y,3.61h,89.54t/data=!3m7!1e1!3m5!1szM8TGL706qZUmVGDB2L9Pg!2e0!7i16384!8i8192","https://www.rva.gov/planning-development-review/vacant-building-information","Boarded storefronts with wheat-paste posters, plywood on windows. Adjacent to 2 E Broad. Downtown Richmond."
"112 E Broad St, Richmond, VA 23219","37.545103","-77.440801","Richmond","VA","23219","COMMERCIAL","ABANDONED","JEMALS STANDARD DRUG STORE LLC","$499,000","https://www.google.com/maps/@37.5448938,-77.4405845,3a,75y,40.99h,92.1t/data=!3m7!1e1!3m5!1shrWeaknb_D8hZqf8EugnNg!2e0!7i16384!8i8192","https://www.rva.gov/planning-development-review/vacant-building-information","Boarded windows, graffiti, security gates. Row of vacant storefronts. On City of Richmond Vacant Building List Oct 2025."
"102 E Broad St, Richmond, VA 23219","37.545151","-77.44088","Richmond","VA","23219","COMMERCIAL","VACANT","JEMALS STANDARD DRUG STORE LLC","$589,000","https://www.google.com/maps/@37.545151,-77.44088,3a,75y,0h,90t/data=!3m6!1e1!3m4!1s0x0:0x0!2e0!7i16384!8i8192","https://www.rva.gov/planning-development-review/vacant-building-information","On City of Richmond Vacant Building List Oct 2025. E Broad St commercial corridor. Richmond assessor (actDataScout) blocks automated access."
"108 E Broad St, Richmond, VA 23219","37.545122","-77.440832","Richmond","VA","23219","COMMERCIAL","VACANT","JEMALS STANDARD DRUG STORE LLC","$1,961,000","https://www.google.com/maps/@37.545122,-77.440832,3a,75y,0h,90t/data=!3m6!1e1!3m4!1s0x0:0x0!2e0!7i16384!8i8192","https://www.rva.gov/planning-development-review/vacant-building-information","On City of Richmond Vacant Building List Oct 2025. E Broad St commercial corridor. Richmond assessor (actDataScout) blocks automated access."
"110 E Broad St, Richmond, VA 23219","37.545113","-77.440816","Richmond","VA","23219","COMMERCIAL","VACANT","JEMALS STANDARD DRUG STORE LLC","$1,961,000","https://www.google.com/maps/@37.545113,-77.440816,3a,75y,0h,90t/data=!3m6!1e1!3m4!1s0x0:0x0!2e0!7i16384!8i8192","https://www.rva.gov/planning-development-review/vacant-building-information","On City of Richmond Vacant Building List Oct 2025. E Broad St commercial corridor. Richmond assessor (actDataScout) blocks automated access."
"114 E Broad St, Richmond, VA 23219","37.545094","-77.440785","Richmond","VA","23219","COMMERCIAL","VACANT","JEMALS STANDARD DRUG LLC","$696,000","https://www.google.com/maps/@37.545094,-77.440785,3a,75y,0h,90t/data=!3m6!1e1!3m4!1s0x0:0x0!2e0!7i16384!8i8192","https://www.rva.gov/planning-development-review/vacant-building-information","On City of Richmond Vacant Building List Oct 2025. E Broad St commercial corridor. Richmond assessor (actDataScout) blocks automated access."
"116 E Broad St, Richmond, VA 23219","37.545085","-77.440769","Richmond","VA","23219","COMMERCIAL","VACANT","116 E BROAD LLC","$578,000","https://www.google.com/maps/@37.545085,-77.440769,3a,75y,0h,90t/data=!3m6!1e1!3m4!1s0x0:0x0!2e0!7i16384!8i8192","https://www.rva.gov/planning-development-review/vacant-building-information","On City of Richmond Vacant Building List Oct 2025. E Broad St commercial corridor. Richmond assessor (actDataScout) blocks automated access."
"118 E Broad St, Richmond, VA 23219","37.545075","-77.440753","Richmond","VA","23219","COMMERCIAL","VACANT","JEMALS STANDARD DRUG STORE LLC","$800,000","https://www.google.com/maps/@37.545075,-77.440753,3a,75y,0h,90t/data=!3m6!1e1!3m4!1s0x0:0x0!2e0!7i16384!8i8192","https://www.rva.gov/planning-development-review/vacant-building-information","On City of Richmond Vacant Building List Oct 2025. E Broad St commercial corridor. Richmond assessor (actDataScout) blocks automated access."
"120 E Broad St, Richmond, VA 23219","37.545066","-77.440737","Richmond","VA","23219","COMMERCIAL","VACANT","JEMALS STANDARD DRUG STORE LLC","$1,376,000","https://www.google.com/maps/@37.545066,-77.440737,3a,75y,0h,90t/data=!3m6!1e1!3m4!1s0x0:0x0!2e0!7i16384!8i8192","https://www.rva.gov/planning-development-review/vacant-building-information","On City of Richmond Vacant Building List Oct 2025. E Broad St commercial corridor. Richmond assessor (actDataScout) blocks automated access."
"122 E Broad St, Richmond, VA 23219","37.545056","-77.440721","Richmond","VA","23219","COMMERCIAL","VACANT","JEMALS STANDARD DRUG STORE LLC","$1,376,000","https://www.google.com/maps/@37.545056,-77.440721,3a,75y,0h,90t/data=!3m6!1e1!3m4!1s0x0:0x0!2e0!7i16384!8i8192","https://www.rva.gov/planning-development-review/vacant-building-information","On City of Richmond Vacant Building List Oct 2025. E Broad St commercial corridor. Richmond assessor (actDataScout) blocks automated access."
"124 E Broad St, Richmond, VA 23219","37.545047","-77.440705","Richmond","VA","23219","COMMERCIAL","VACANT","JEMALS STANDARD DRUG STORE LLC","$1,376,000","https://www.google.com/maps/@37.545047,-77.440705,3a,75y,0h,90t/data=!3m6!1e1!3m4!1s0x0:0x0!2e0!7i16384!8i8192","https://www.rva.gov/planning-development-review/vacant-building-information","On City of Richmond Vacant Building List Oct 2025. E Broad St commercial corridor. Richmond assessor (actDataScout) blocks automated access."
"212 E Broad St, Richmond, VA 23219","37.544571","-77.439903","Richmond","VA","23219","COMMERCIAL","VACANT","JEMALS HARPERS LLC","","https://www.google.com/maps/@37.544571,-77.439903,3a,75y,0h,90t/data=!3m6!1e1!3m4!1s0x0:0x0!2e0!7i16384!8i8192","https://www.rva.gov/planning-development-review/vacant-building-information","On City of Richmond Vacant Building List Oct 2025. E Broad St commercial corridor. Richmond assessor (actDataScout) blocks automated access."
"214 E Broad St, Richmond, VA 23219","37.544562","-77.439887","Richmond","VA","23219","COMMERCIAL","VACANT","HULAIQA SADDAM & PADY","","https://www.google.com/maps/@37.544562,-77.439887,3a,75y,0h,90t/data=!3m6!1e1!3m4!1s0x0:0x0!2e0!7i16384!8i8192","https://www.rva.gov/planning-development-review/vacant-building-information","On City of Richmond Vacant Building List Oct 2025. E Broad St commercial corridor. Richmond assessor (actDataScout) blocks automated access."
"216 E Broad St, Richmond, VA 23219","37.544552","-77.439871","Richmond","VA","23219","COMMERCIAL","VACANT","HULAIQA SADDAM & PADY","","https://www.google.com/maps/@37.544552,-77.439871,3a,75y,0h,90t/data=!3m6!1e1!3m4!1s0x0:0x0!2e0!7i16384!8i8192","https://www.rva.gov/planning-development-review/vacant-building-information","On City of Richmond Vacant Building List Oct 2025. E Broad St commercial corridor. Richmond assessor (actDataScout) blocks automated access."
"319 E Broad St, Richmond, VA 23219","37.543803","-77.43914","Richmond","VA","23219","COMMERCIAL","VACANT","4TH & BROAD ASSOCIATES LLC","","https://www.google.com/maps/@37.543803,-77.43914,3a,75y,180h,90t/data=!3m6!1e1!3m4!1s0x0:0x0!2e0!7i16384!8i8192","https://www.rva.gov/planning-development-review/vacant-building-information","On City of Richmond Vacant Building List Oct 2025. E Broad St commercial corridor. Richmond assessor (actDataScout) blocks automated access."
"401 W Broad St, Richmond, VA 23220","37.547510","-77.445950","Richmond","VA","23220","COMMERCIAL","VACANT","VENTURE DEVELOPMENT LLC","","https://www.google.com/maps/@37.547510,-77.445950,3a,75y,350h,90t/data=!3m6!1e1!3m4!1s0x0:0x0!2e0!7i16384!8i8192","https://www.rva.gov/planning-development-review/vacant-building-information","Closed garage doors, graffiti on walls, boarded window. On City of Richmond Vacant Building List Oct 2025."
"409 W Broad St, Richmond, VA 23220","37.547619","-77.446018","Richmond","VA","23220","COMMERCIAL","VACANT","VIRGINIA COMMONWEALTH UNIVERSITY","","https://www.google.com/maps/@37.547619,-77.446018,3a,75y,350h,90t/data=!3m6!1e1!3m4!1s0x0:0x0!2e0!7i16384!8i8192","https://www.rva.gov/planning-development-review/vacant-building-information","White commercial building with arched windows, no business activity. VCU-owned. On City of Richmond Vacant Building List Oct 2025."
"2724 W Broad St, Richmond, VA 23220","37.562386","-77.469221","Richmond","VA","23220","COMMERCIAL","ABANDONED","JIBME REALTY LLC","","https://www.google.com/maps/@37.562386,-77.469221,3a,75y,170h,90t/data=!3m6!1e1!3m4!1s0x0:0x0!2e0!7i16384!8i8192","https://www.rva.gov/planning-development-review/vacant-building-information","Deteriorating commercial building with barred windows, overgrown weeds. Near Childrens Museum of Richmond. On City of Richmond Vacant Building List Oct 2025."
"2033 W Broad St, Richmond, VA 23220","37.557244","-77.461993","Richmond","VA","23220","RESTAURANT","PROBABLY VACANT","2033 W BROAD LLC","","https://www.google.com/maps/@37.5572,-77.4615,3a,75y,350h,90t/data=!3m6!1e1!3m4!1s0x0:0x0!2e0!7i16384!8i8192","https://www.rva.gov/planning-development-review/vacant-building-information","Former Pies And Pints restaurant appears closed. Rear shows overgrown vegetation and graffiti. Aug 2025 SV shows no restaurant signage. On City of Richmond Vacant Building List Oct 2025."
"2610 Midlothian Tpke, Richmond, VA 23224","37.513353","-77.456259","Richmond","VA","23224","COMMERCIAL","ABANDONED","","","https://www.google.com/maps/@37.513353,-77.456259,3a,75y,0h,90t/data=!3m6!1e1!3m4!1s0x0:0x0!2e0!7i16384!8i8192","https://www.rva.gov/planning-development-review/vacant-building-information","Two-story brick commercial building. Boarded windows, overgrown vegetation, deteriorating facade. Apr 2025 SV imagery. On City of Richmond Vacant Building List Oct 2025."
"400 E Main St, Richmond, VA 23219","37.540912","-77.440698","Richmond","VA","23219","COMMERCIAL OFFICE","VACANT","JEMALS 4TH & MAIN LLC","","https://www.google.com/maps/@37.540912,-77.440698,3a,75y,0h,90t/data=!3m6!1e1!3m4!1s0x0:0x0!2e0!7i16384!8i8192","https://www.rva.gov/planning-development-review/vacant-building-information","Multi-story commercial office building at corner of 4th and Main. Dark/empty windows, no visible business activity. Douglas Development Corp entity. On City of Richmond Vacant Building List Oct 2025."
"408 E Main St, Richmond, VA 23219","37.540873","-77.440634","Richmond","VA","23219","COMMERCIAL OFFICE","VACANT","JEMALS 4TH & MAIN LLC","","https://www.google.com/maps/@37.540873,-77.440634,3a,75y,0h,90t/data=!3m6!1e1!3m4!1s0x0:0x0!2e0!7i16384!8i8192","https://www.rva.gov/planning-development-review/vacant-building-information","Adjacent to 400 E Main. Multi-story commercial building with large blank windows. Douglas Development Corp entity. On City of Richmond Vacant Building List Oct 2025."
"204 N Graham Hopedale Rd, Burlington, NC 27217","36.097310","-79.406078","Burlington","NC","27217","INDUSTRIAL","ABANDONED","","","https://www.google.com/maps/@36.0980,-79.4055,3a,75y,270h,90t/data=!3m6!1e1!3m4!1s0x0:0x0!2e0!7i16384!8i8192","https://burlingtonnc.gov/WesternElectric","Former Western Electric / Tarheel Army Missile Plant. 22 abandoned buildings on 22 acres. Vacant since early 1990s. PFAS superfund site. National Register of Historic Places."
"325 N Gay St, Baltimore, MD 21202","39.293651","-76.607115","Baltimore","MD","21202","RETAIL","ABANDONED","","","https://www.google.com/maps/@39.293651,-76.607115,3a,75y,90h,90t/data=!3m6!1e1!3m4!1s0x0:0x0!2e0!7i16384!8i8192","https://data.baltimorecity.gov/datasets/baltimore::vacant-building-notices","Old Town Mall. Boarded storefronts, graffiti. Baltimore Vacant Building Notice."
"327 N Gay St, Baltimore, MD 21202","39.293684","-76.607060","Baltimore","MD","21202","RETAIL","ABANDONED","","","https://www.google.com/maps/@39.293684,-76.607060,3a,75y,90h,90t/data=!3m6!1e1!3m4!1s0x0:0x0!2e0!7i16384!8i8192","https://data.baltimorecity.gov/datasets/baltimore::vacant-building-notices","Old Town Mall. Boarded storefront. Baltimore Vacant Building Notice."
"331 N Gay St, Baltimore, MD 21202","39.293946","-76.606855","Baltimore","MD","21202","RETAIL","ABANDONED","","","https://www.google.com/maps/@39.293946,-76.606855,3a,75y,90h,90t/data=!3m6!1e1!3m4!1s0x0:0x0!2e0!7i16384!8i8192","https://data.baltimorecity.gov/datasets/baltimore::vacant-building-notices","Old Town Mall. Boarded storefront. Baltimore Vacant Building Notice."
"335 N Gay St, Baltimore, MD 21202","39.293971","-76.606708","Baltimore","MD","21202","RETAIL","ABANDONED","","","https://www.google.com/maps/@39.293971,-76.606708,3a,75y,90h,90t/data=!3m6!1e1!3m4!1s0x0:0x0!2e0!7i16384!8i8192","https://data.baltimorecity.gov/datasets/baltimore::vacant-building-notices","Old Town Mall. Boarded storefronts with heavy graffiti. Aug 2022 SV. Baltimore Vacant Building Notice."
"337 N Gay St, Baltimore, MD 21202","39.293999","-76.606623","Baltimore","MD","21202","RETAIL","ABANDONED","","","https://www.google.com/maps/@39.293999,-76.606623,3a,75y,90h,90t/data=!3m6!1e1!3m4!1s0x0:0x0!2e0!7i16384!8i8192","https://data.baltimorecity.gov/datasets/baltimore::vacant-building-notices","Old Town Mall. Boarded storefront. Baltimore Vacant Building Notice."
"343 N Gay St, Baltimore, MD 21202","39.294113","-76.606545","Baltimore","MD","21202","RETAIL","ABANDONED","","","https://www.google.com/maps/@39.294113,-76.606545,3a,75y,270h,90t/data=!3m6!1e1!3m4!1s0x0:0x0!2e0!7i16384!8i8192","https://data.baltimorecity.gov/datasets/baltimore::vacant-building-notices","Old Town Mall. Baltimore Vacant Building Notice."
"347 N Gay St, Baltimore, MD 21202","39.294193","-76.606377","Baltimore","MD","21202","RETAIL","ABANDONED","","","https://www.google.com/maps/@39.294193,-76.606377,3a,75y,270h,90t/data=!3m6!1e1!3m4!1s0x0:0x0!2e0!7i16384!8i8192","https://data.baltimorecity.gov/datasets/baltimore::vacant-building-notices","Old Town Mall. Baltimore Vacant Building Notice."
"351 N Gay St, Baltimore, MD 21202","39.294247","-76.606304","Baltimore","MD","21202","RETAIL","ABANDONED","","","https://www.google.com/maps/@39.294247,-76.606304,3a,75y,270h,90t/data=!3m6!1e1!3m4!1s0x0:0x0!2e0!7i16384!8i8192","https://data.baltimorecity.gov/datasets/baltimore::vacant-building-notices","Old Town Mall. Baltimore Vacant Building Notice."
"353 N Gay St, Baltimore, MD 21202","39.294301","-76.606237","Baltimore","MD","21202","RETAIL","ABANDONED","","","https://www.google.com/maps/@39.294301,-76.606237,3a,75y,270h,90t/data=!3m6!1e1!3m4!1s0x0:0x0!2e0!7i16384!8i8192","https://data.baltimorecity.gov/datasets/baltimore::vacant-building-notices","Old Town Mall. Multi-story building fully boarded with plywood and graffiti. Nov 2020 SV. Baltimore Vacant Building Notice."
"312 N High St, Baltimore, MD 21202","39.293437","-76.606875","Baltimore","MD","21202","COMMERCIAL","ABANDONED","","","https://www.google.com/maps/@39.293437,-76.606875,3a,75y,0h,90t/data=!3m6!1e1!3m4!1s0x0:0x0!2e0!7i16384!8i8192","https://data.baltimorecity.gov/datasets/baltimore::vacant-building-notices","Jonestown / Old Town area. Baltimore Vacant Building Notice."
"323 N High St, Baltimore, MD 21202","39.293830","-76.606646","Baltimore","MD","21202","COMMERCIAL","ABANDONED","","","https://www.google.com/maps/@39.293830,-76.606646,3a,75y,0h,90t/data=!3m6!1e1!3m4!1s0x0:0x0!2e0!7i16384!8i8192","https://data.baltimorecity.gov/datasets/baltimore::vacant-building-notices","Jonestown / Old Town area. Baltimore Vacant Building Notice."
"327 N High St, Baltimore, MD 21202","39.293890","-76.606787","Baltimore","MD","21202","COMMERCIAL","ABANDONED","","","https://www.google.com/maps/@39.293890,-76.606787,3a,75y,0h,90t/data=!3m6!1e1!3m4!1s0x0:0x0!2e0!7i16384!8i8192","https://data.baltimorecity.gov/datasets/baltimore::vacant-building-notices","Jonestown / Old Town area. Baltimore Vacant Building Notice."
"808 Low St, Baltimore, MD 21202","39.293161","-76.606990","Baltimore","MD","21202","COMMERCIAL","ABANDONED","","","https://www.google.com/maps/@39.293161,-76.606990,3a,75y,0h,90t/data=!3m6!1e1!3m4!1s0x0:0x0!2e0!7i16384!8i8192","https://data.baltimorecity.gov/datasets/baltimore::vacant-building-notices","Jonestown / Old Town area. Baltimore Vacant Building Notice."
"2120 W Lafayette Ave, Baltimore, MD 21217","39.298680","-76.651565","Baltimore","MD","21217","INDUSTRIAL","ABANDONED","","","https://www.google.com/maps/@39.298680,-76.651565,3a,75y,270h,90t/data=!3m6!1e1!3m4!1s0x0:0x0!2e0!7i16384!8i8192","https://data.baltimorecity.gov/datasets/baltimore::vacant-building-notices","Former Acme Business Center. Massive multi-story industrial building with overgrown vegetation. Jul 2019 SV. Bridgeview/Greenlawn. Baltimore Vacant Building Notice."
"313 N Howard St, Baltimore, MD 21201","39.293071","-76.619643","Baltimore","MD","21201","COMMERCIAL","ABANDONED","","","https://www.google.com/maps/@39.293071,-76.619643,3a,75y,270h,90t/data=!3m6!1e1!3m4!1s0x0:0x0!2e0!7i16384!8i8192","https://data.baltimorecity.gov/datasets/baltimore::vacant-building-notices","Howard St Superblock. Multi-story commercial building with extensive graffiti, boarded at street level. Oct 2023 SV. Baltimore Vacant Building Notice."
"315 N Howard St, Baltimore, MD 21201","39.293091","-76.619644","Baltimore","MD","21201","COMMERCIAL","ABANDONED","","","https://www.google.com/maps/@39.293091,-76.619644,3a,75y,270h,90t/data=!3m6!1e1!3m4!1s0x0:0x0!2e0!7i16384!8i8192","https://data.baltimorecity.gov/datasets/baltimore::vacant-building-notices","Howard St Superblock. Adjacent to 313, same block of vacant commercial storefronts. Baltimore Vacant Building Notice."
"317 N Howard St, Baltimore, MD 21201","39.293110","-76.619645","Baltimore","MD","21201","COMMERCIAL","ABANDONED","","","https://www.google.com/maps/@39.293110,-76.619645,3a,75y,270h,90t/data=!3m6!1e1!3m4!1s0x0:0x0!2e0!7i16384!8i8192","https://data.baltimorecity.gov/datasets/baltimore::vacant-building-notices","Howard St Superblock. Same block as 313-315. Baltimore Vacant Building Notice."
"321 N Howard St, Baltimore, MD 21201","39.293149","-76.619648","Baltimore","MD","21201","COMMERCIAL","ABANDONED","","","https://www.google.com/maps/@39.293149,-76.619648,3a,75y,270h,90t/data=!3m6!1e1!3m4!1s0x0:0x0!2e0!7i16384!8i8192","https://data.baltimorecity.gov/datasets/baltimore::vacant-building-notices","Howard St Superblock. Former commercial venue with boarded/darkened windows. Oct 2023 SV. Baltimore Vacant Building Notice."
"323 N Howard St, Baltimore, MD 21201","39.293169","-76.619649","Baltimore","MD","21201","COMMERCIAL","ABANDONED","","","https://www.google.com/maps/@39.293169,-76.619649,3a,75y,270h,90t/data=!3m6!1e1!3m4!1s0x0:0x0!2e0!7i16384!8i8192","https://data.baltimorecity.gov/datasets/baltimore::vacant-building-notices","Howard St Superblock. Adjacent to 321. Baltimore Vacant Building Notice."
"329 N Howard St, Baltimore, MD 21201","39.293227","-76.619652","Baltimore","MD","21201","COMMERCIAL","ABANDONED","","","https://www.google.com/maps/@39.293227,-76.619652,3a,75y,270h,90t/data=!3m6!1e1!3m4!1s0x0:0x0!2e0!7i16384!8i8192","https://data.baltimorecity.gov/datasets/baltimore::vacant-building-notices","Howard St Superblock. Graffiti-covered multi-story commercial buildings visible in corridor. Oct 2023 SV. Baltimore Vacant Building Notice."
"400 N Howard St, Baltimore, MD 21201","39.294020","-76.619850","Baltimore","MD","21201","COMMERCIAL","ABANDONED","","","https://www.google.com/maps/@39.294020,-76.619850,3a,75y,90h,90t/data=!3m6!1e1!3m4!1s0x0:0x0!2e0!7i16384!8i8192","https://data.baltimorecity.gov/datasets/baltimore::vacant-building-notices","Howard St Superblock. Large multi-story vacant commercial building. Aug 2022 SV. Baltimore Vacant Building Notice."
"410 N Howard St, Baltimore, MD 21201","39.294107","-76.619854","Baltimore","MD","21201","COMMERCIAL","ABANDONED","","","https://www.google.com/maps/@39.294107,-76.619854,3a,75y,90h,90t/data=!3m6!1e1!3m4!1s0x0:0x0!2e0!7i16384!8i8192","https://data.baltimorecity.gov/datasets/baltimore::vacant-building-notices","Howard St Superblock. Adjacent to 400 N Howard. Baltimore Vacant Building Notice."
"412 N Howard St, Baltimore, MD 21201","39.294124","-76.619855","Baltimore","MD","21201","COMMERCIAL","ABANDONED","","","https://www.google.com/maps/@39.294124,-76.619855,3a,75y,90h,90t/data=!3m6!1e1!3m4!1s0x0:0x0!2e0!7i16384!8i8192","https://data.baltimorecity.gov/datasets/baltimore::vacant-building-notices","Howard St Superblock. Adjacent to 410 N Howard. Baltimore Vacant Building Notice."
"200 E Pratt St, Baltimore, MD 21202","39.286659","-76.612053","Baltimore","MD","21202","RETAIL","CHRONICALLY VACANT","","","https://www.google.com/maps/@39.286659,-76.612053,3a,75y,180h,90t/data=!3m6!1e1!3m4!1s0x0:0x0!2e0!7i16384!8i8192","https://www.yelp.com/biz/the-gallery-baltimore","The Gallery at Harborplace. 100,769 sq ft five-story shopping mall. Fully vacant since Jan 2022. Scheduled for demolition fall 2026 as part of $900M Harborplace redevelopment by MCB Real Estate."
"27 S Sycamore St, Petersburg, VA 23803","37.227004","-77.402955","Petersburg","VA","23803","RETAIL","VACANT","","","https://www.google.com/maps/@37.227004,-77.402955,3a,75y,90h,90t/data=!3m6!1e1!3m4!1s0x0:0x0!2e0!7i16384!8i8192","https://onesouthcommercial.com/properties/27-31-s-sycamore-st-petersburg-va-23803/","Three buildings (27-31 S Sycamore + 8 Rose Alley) on one parcel. Former retail shops and restaurant space. Currently vacant and in need of renovation. Jul 2024 SV shows empty/papered storefront windows. One South Commercial listing confirms vacancy."
"380 E Washington St, Petersburg, VA 23803","37.228808","-77.397329","Petersburg","VA","23803","HOSPITALITY","DEMOLISHED","","","https://www.google.com/maps/@37.228808,-77.397329,3a,75y,180h,90t/data=!3m6!1e1!3m4!1s0x0:0x0!2e0!7i16384!8i8192","https://www.wric.com/news/local-news/the-tri-cities/photos-demolition-of-petersburg-eyesore-ramada-inn-continues/","Former Ramada Inn. 125,000 sq ft hotel built 1973. Vacant since 2012 after closure. Demolished late 2022 after city acquired property. 2+ acre site is a vacant lot awaiting redevelopment. Formerly visible eyesore from I-95."
"31 W Washington St, Petersburg, VA 23803","37.227665","-77.404298","Petersburg","VA","23803","RETAIL","VACANT","","","https://www.google.com/maps/@37.227665,-77.404298,3a,75y,0h,90t/data=!3m6!1e1!3m4!1s0x0:0x0!2e0!7i16384!8i8192","","W Washington commercial corridor. Aug 2024 SV shows boarded/papered storefronts at street level. Shaw-Hard Furniture sign on upper floors. Multi-story commercial building."
"33 W Washington St, Petersburg, VA 23803","37.227663","-77.404310","Petersburg","VA","23803","RETAIL","PROBABLY VACANT","","","https://www.google.com/maps/@37.227663,-77.404310,3a,75y,0h,90t/data=!3m6!1e1!3m4!1s0x0:0x0!2e0!7i16384!8i8192","","W Washington commercial corridor. Sep 2022 SV shows CLOSING ALL MUST GO and WE MUST VACATE BUILDING signs in storefront windows. Part of row of vacant storefronts on same block as 31 W Washington."
"35 W Washington St, Petersburg, VA 23803","37.227661","-77.404323","Petersburg","VA","23803","COMMERCIAL","PROBABLY VACANT","","","https://www.google.com/maps/@37.227661,-77.404323,3a,75y,0h,90t/data=!3m6!1e1!3m4!1s0x0:0x0!2e0!7i16384!8i8192","","W Washington commercial corridor. Sep 2022 SV shows boarded/vacant storefront between closing stores and SWAGGER. Same block of blight as 31-37 W Washington."
"37 W Washington St, Petersburg, VA 23803","37.227659","-77.404336","Petersburg","VA","23803","COMMERCIAL","PROBABLY VACANT","","","https://www.google.com/maps/@37.227659,-77.404336,3a,75y,0h,90t/data=!3m6!1e1!3m4!1s0x0:0x0!2e0!7i16384!8i8192","","W Washington commercial corridor. SWAGGER sign visible, boarded/dark windows in Sep 2022 SV. Same block of blight as 31-35 W Washington."
"112 N Sycamore St, Petersburg, VA 23803","37.229659","-77.404084","Petersburg","VA","23803","COMMERCIAL","PROBABLY VACANT","","","https://www.google.com/maps/@37.229659,-77.404084,3a,75y,90h,100t/data=!3m6!1e1!3m4!1s0x0:0x0!2e0!7i16384!8i8192","https://www.loopnet.com/Listing/112-N-Sycamore-St-Petersburg-VA/21017645/","Four-story commercial building on Petersburgs main commercial street. Listed for sale on LoopNet, One South Commercial, and Long & Foster. Sep 2022 SV shows curtained/covered windows. Old Towne Historic District."
"62 Cherry St, Bridgeport, CT 06605","41.167890","-73.196350","Bridgeport","CT","06605","INDUSTRIAL","ABANDONED","","","https://www.google.com/maps/@41.167890,-73.196350,3a,75y,180h,90t/data=!3m6!1e1!3m4!1s0x0:0x0!2e0!7i16384!8i8192","","Cherry St factory complex. Massive multi-story brick factory building, iron gates, no activity. Jun 2023 SV. Part of cluster of abandoned industrial buildings on Cherry St."
"72 Cherry St, Bridgeport, CT 06605","41.168200","-73.196100","Bridgeport","CT","06605","INDUSTRIAL","ABANDONED","","","https://www.google.com/maps/@41.168200,-73.196100,3a,75y,180h,90t/data=!3m6!1e1!3m4!1s0x0:0x0!2e0!7i16384!8i8192","","Cherry St factory complex. Massive brick industrial building, all windows boarded/covered with plywood, overgrown weeds at base. Jun 2023 SV."
"80 Cherry St, Bridgeport, CT 06605","41.168500","-73.195850","Bridgeport","CT","06605","INDUSTRIAL","ABANDONED","","","https://www.google.com/maps/@41.168500,-73.195850,3a,75y,180h,90t/data=!3m6!1e1!3m4!1s0x0:0x0!2e0!7i16384!8i8192","","Cherry St factory complex. Industrial building with all windows boarded with metal/plywood panels. Jun 2023 SV. Same complex as 62-72 Cherry St."
"1325 Railroad Ave, Bridgeport, CT 06605","41.168100","-73.196700","Bridgeport","CT","06605","INDUSTRIAL","ABANDONED","","","https://www.google.com/maps/@41.168100,-73.196700,3a,75y,270h,90t/data=!3m6!1e1!3m4!1s0x0:0x0!2e0!7i16384!8i8192","","Dense overgrown vegetation covering lot/building adjacent to Cherry St factory complex. Jun 2019 SV. Near Remington Arms site."
"812 Barnum Ave, Bridgeport, CT 06608","41.184230","-73.181550","Bridgeport","CT","06608","INDUSTRIAL","DEMOLISHED","","","https://www.google.com/maps/@41.184230,-73.181550,3a,75y,180h,90t/data=!3m6!1e1!3m4!1s0x0:0x0!2e0!7i16384!8i8192","","Former Remington Arms / UMC factory. Massive industrial complex demolished. Jul 2024 SV shows cleared site with dirt mounds and excavator. Environmental cleanup ongoing. Historic munitions factory operational 1867-1988."
"227 Middle St, Bridgeport, CT 06604","41.179400","-73.195500","Bridgeport","CT","06604","INDUSTRIAL","ABANDONED","","","https://www.google.com/maps/@41.179400,-73.195500,3a,75y,90h,90t/data=!3m6!1e1!3m4!1s0x0:0x0!2e0!7i16384!8i8192","","Former Davidson Fabric Factory. Large deteriorating multi-story brick industrial building with peeling paint and green shuttered windows. Nov 2020 SV. Long-vacant manufacturing facility."
"307 Center St, Bridgeport, CT 06604","41.180200","-73.195800","Bridgeport","CT","06604","COMMERCIAL","DEMOLISHED","","","https://www.google.com/maps/@41.180200,-73.195800,3a,75y,0h,90t/data=!3m6!1e1!3m4!1s0x0:0x0!2e0!7i16384!8i8192","","Chain-link fenced lot with deteriorating blue/teal commercial building visible in Nov 2020 SV. Demolition reportedly started June 2025. Site awaiting redevelopment."
"510 Grand Ave, New Haven, CT 06513","41.305800","-72.893400","New Haven","CT","06513","INDUSTRIAL","ABANDONED","","","https://www.google.com/maps/@41.305800,-72.893400,3a,75y,180h,90t/data=!3m6!1e1!3m4!1s0x0:0x0!2e0!7i16384!8i8192","","English Station power plant. Former United Illuminating coal-fired power plant, decommissioned 1992. Smokestacks visible behind graffiti-covered concrete perimeter wall. Fenced off, no activity. Aug 2024 SV. Environmental contamination site. One of New Havens most prominent abandoned industrial landmarks."
